,0,1
0,5.0,1
1,7.5833,1
2,7.5,1
3,10.0,1
4,7.5,1
5,7.5833,1
6,7.5,1
7,10.0833,1
8,6.0,1
9,17.5833,1
10,12.5833,1
11,10.0,1
12,10.0833,1
13,12.5833,1
14,12.5833,1
15,10.0833,1
16,15.1667,1
17,15.0833,1
18,10.0833,1
19,15.0833,1
20,15.0833,1
21,12.5833,1
22,17.5833,1
23,14.0833,1
24,17.6667,1
25,15.0833,1
26,12.5833,1
27,17.5833,1
28,7.5,1
29,10.0,1
30,12.5833,1
31,5.0,1
32,8.3333,1
33,15.1667,1
34,12.5833,1
35,15.0833,1
36,7.5833,1
37,17.6667,1
38,6.5833,1
39,12.5833,1
40,12.5,1
41,12.5833,1
42,10.0833,1
43,10.8333,1
44,7.5833,1
45,10.0,1
46,15.0833,1
47,15.0833,1
48,7.5833,1
49,10.0833,1
50,12.5833,1
51,17.5833,1
52,12.5833,1
53,7.5,1
54,15.0833,1
55,7.5,1
56,10.0833,1
57,15.1667,1
58,7.5,1
59,13.0833,1
60,20.0833,1
61,10.0833,1
62,12.5,1
63,10.0833,1
64,10.0833,1
65,20.1667,1
66,22.6667,1
67,12.5833,1
68,7.5833,1
69,15.0833,1
70,12.5833,1
71,17.5833,1
72,17.5,1
73,12.5,1
74,10.0,1
75,7.5833,1
76,12.6667,1
77,7.5833,1
78,12.6667,1
79,12.5833,1
80,7.5833,1
81,10.0,1
82,12.5833,1
83,10.0833,1
84,10.0833,1
85,17.5833,1
86,10.0833,1
87,5.0833,1
88,15.0833,1
89,15.0833,1
90,12.5833,1
91,10.0,1
92,12.5833,1
93,10.0833,1
94,10.0,1
95,15.0,1
96,20.1667,1
97,10.0833,1
98,7.5,1
99,12.5833,1
100,20.1667,1
101,7.5,1
102,10.0833,1
103,12.5833,1
104,10.0833,1
105,17.5833,1
106,15.0833,1
107,10.0833,1
108,15.1667,1
109,10.0,1
110,10.0,1
111,12.5833,1
112,7.5833,1
113,17.6667,1
114,10.0833,1
115,15.0833,1
116,7.5,1
117,15.0833,1
118,10.0833,1
119,17.5833,1
120,15.0,1
121,10.0833,1
122,12.5833,1
123,10.0833,1
124,10.0833,1
125,20.1667,1
126,12.6667,1
127,15.1667,1
128,10.0,1
129,7.5,1
130,7.5833,1
131,7.5833,1
132,7.5,1
133,20.0833,1
134,10.0833,1
135,5.0,1
136,12.5833,1
137,12.5833,1
138,15.0833,1
139,15.0833,1
140,12.5833,1
141,10.0833,1
142,17.6667,1
143,10.0833,1
144,7.5833,1
145,12.5833,1
146,15.0833,1
147,12.5833,1
148,12.5833,1
149,20.0833,1
150,12.5833,1
151,12.5833,1
152,10.0,1
153,10.0833,1
154,10.0,1
155,17.6667,1
156,15.1667,1
157,7.5,1
158,20.1667,1
159,12.6667,1
160,15.0833,1
161,15.1667,1
162,15.1667,1
163,15.1667,1
164,15.0,1
165,7.5,1
166,12.5833,1
167,12.5833,1
168,12.5833,1
169,5.0,1
170,10.0,1
171,10.0833,1
172,20.1667,1
173,15.1667,1
174,12.6667,1
175,13.5833,1
176,7.5,1
177,7.5833,1
178,7.5,1
179,7.5,1
180,7.5833,1
181,15.1667,1
182,10.0,1
183,10.5,1
184,10.0,1
185,15.0833,1
186,10.0833,1
187,12.5833,1
188,10.0833,1
189,12.5833,1
190,17.6667,1
191,7.5833,1
192,9.5833,1
193,15.0833,1
194,7.5,1
195,17.5833,1
196,10.0,1
197,10.0833,1
198,15.0833,1
199,10.0833,1
200,7.5,1
201,11.75,1
202,5.0833,1
203,20.0833,1
204,10.0833,1
205,15.1667,1
206,17.5833,1
207,13.4167,1
208,10.0833,1
209,12.6667,1
210,7.5,1
211,12.5833,1
212,20.0833,1
213,10.0833,1
214,15.0833,1
215,20.1667,1
216,12.5,1
217,12.5833,1
218,15.1667,1
219,12.5833,1
220,20.1667,1
221,10.0,1
222,10.0,1
223,7.5833,1
224,11.75,1
225,10.0833,1
226,15.0833,1
227,7.5833,1
228,15.1667,1
229,10.0833,1
230,17.5833,1
231,5.0,1
232,17.6667,1
233,9.5833,1
234,12.5833,1
235,12.5833,1
236,10.0833,1
237,15.1667,1
238,15.0833,1
239,10.5833,1
240,12.5833,1
241,7.5833,1
242,7.5,1
243,16.6667,1
244,15.0833,1
245,10.0833,1
246,7.5,1
247,7.5833,1
248,17.6667,1
249,2.5833,1
250,15.0833,1
251,12.5833,1
252,20.0833,1
253,7.5,1
254,18.6667,1
255,10.0833,1
256,8.3333,1
257,15.1667,1
258,22.6667,1
259,6.5,1
260,10.0833,1
261,10.0,1
262,10.0,1
263,12.5833,1
264,10.0833,1
265,5.0833,1
266,15.0833,1
267,15.0833,1
268,7.5,1
269,20.0833,1
270,10.0833,1
271,10.0833,1
272,15.0833,1
273,15.1667,1
274,10.0,1
275,10.0833,1
276,12.5833,1
277,15.1667,1
278,12.5,1
279,11.75,1
280,15.0833,1
281,10.0,1
282,12.5,1
283,10.0833,1
284,20.0833,1
285,10.0,1
286,15.0833,1
287,12.5,1
288,10.0833,1
289,10.0833,1
290,10.0833,1
291,10.0833,1
292,12.5,1
293,15.1667,1
294,10.0833,1
295,17.6667,1
296,10.0833,1
297,10.0,1
298,15.0833,1
299,15.0833,1
300,15.1667,1
301,12.5833,1
302,17.5833,1
303,17.5833,1
304,15.1667,1
305,8.5833,1
306,7.5833,1
307,12.5833,1
308,15.1667,1
309,8.0833,1
310,17.6667,1
311,10.0833,1
312,7.5833,1
313,15.0833,1
314,7.5,1
315,10.0,1
316,20.0833,1
317,15.0833,1
318,15.0833,1
319,17.6667,1
320,5.0,1
321,7.5833,1
322,10.0,1
323,16.0833,1
324,12.5833,1
325,15.0833,1
326,20.1667,1
327,15.0833,1
328,12.5833,1
329,7.5,1
330,12.5833,1
331,10.0,1
332,15.0833,1
333,15.0833,1
334,12.5833,1
335,6.6667,1
336,15.0,1
337,7.5,1
338,15.0833,1
339,7.5833,1
340,10.0,1
341,15.0833,1
342,10.0833,1
343,12.6667,1
344,10.0,1
345,10.0833,1
346,7.5833,1
347,7.5,1
348,10.0,1
349,10.0,1
350,12.5833,1
351,15.0833,1
352,15.0833,1
353,17.5833,1
354,17.6667,1
355,10.0,1
356,15.1667,1
357,12.5833,1
358,12.5833,1
359,15.1667,1
360,15.1667,1
361,17.5833,1
362,13.5833,1
363,12.6667,1
364,20.0833,1
365,10.0833,1
366,17.5833,1
367,11.0833,1
368,10.0,1
369,10.0833,1
370,7.5833,1
371,17.5833,1
372,17.5833,1
373,17.6667,1
374,10.0833,1
375,12.5833,1
376,12.5833,1
377,15.0833,1
378,10.0,1
379,7.5833,1
380,10.0833,1
381,17.6667,1
382,19.6667,1
383,15.1667,1
384,15.1667,1
385,17.5833,1
386,15.0833,1
387,12.5833,1
388,17.6667,1
389,17.5833,1
390,14.1667,1
391,15.1667,1
392,20.1667,1
393,15.0833,1
394,15.1667,1
395,15.1667,1
396,10.0833,1
397,10.0833,1
398,6.0,1
399,15.1667,1
400,10.0833,1
401,12.5833,1
402,10.0833,1
403,15.0833,1
404,10.0,1
405,12.6667,1
406,12.6667,1
407,12.5833,1
408,10.0833,1
409,17.5833,1
410,10.0833,1
411,10.0,1
412,12.5833,1
413,10.0833,1
414,10.8333,1
415,12.5833,1
416,12.5,1
417,12.5833,1
418,40.25,1
419,22.5833,1
420,15.0833,1
421,15.0833,1
422,7.5,1
423,15.0833,1
424,15.0833,1
425,12.5833,1
426,20.0833,1
427,12.5833,1
428,7.5833,1
429,17.5833,1
430,10.0833,1
431,15.0833,1
432,15.0833,1
433,12.5,1
434,10.0,1
435,10.0,1
436,12.5833,1
437,10.0833,1
438,7.5833,1
439,10.0833,1
440,10.0833,1
441,10.0,1
442,7.5833,1
443,10.0833,1
444,10.0833,1
445,12.5833,1
446,10.0833,1
447,20.0833,1
448,10.0833,1
449,12.5833,1
450,10.0833,1
451,12.5,1
452,12.5833,1
453,10.0,1
454,10.0833,1
455,10.0,1
456,15.0833,1
457,10.0,1
458,12.5833,1
459,15.0833,1
460,20.1667,1
461,12.5833,1
462,10.0,1
463,17.6667,1
464,7.5833,1
465,10.0,1
466,12.5833,1
467,10.0833,1
468,15.0833,1
469,17.6667,1
470,12.5833,1
471,7.5833,1
472,15.0833,1
473,10.0833,1
474,10.0,1
475,17.5833,1
476,10.0833,1
477,17.5833,1
478,2.5,1
479,12.5833,1
480,15.0833,1
481,12.5833,1
482,8.0833,1
483,17.5833,1
484,10.0833,1
485,12.5833,1
486,7.5,1
487,10.0833,1
488,7.5833,1
489,10.0833,1
490,5.0,1
491,10.0833,1
492,7.5,1
493,15.0,1
494,10.0,1
495,15.0833,1
496,12.5833,1
497,12.5,1
498,10.0833,1
499,12.6667,1
500,17.6667,1
501,7.5833,1
502,20.1667,1
503,15.0833,1
504,10.0833,1
505,12.5833,1
506,15.1667,1
507,15.0833,1
508,15.0,1
509,15.1667,1
510,15.0833,1
511,12.5833,1
512,12.5833,1
513,12.5833,1
514,12.5833,1
515,15.8333,1
516,10.0833,1
517,15.1667,1
518,20.1667,1
519,6.0,1
520,15.0833,1
521,7.5833,1
522,10.0833,1
523,10.0833,1
524,12.5,1
525,7.5833,1
526,10.0,1
527,20.0833,1
528,20.1667,1
529,17.5833,1
530,7.5833,1
531,10.0,1
532,10.0,1
533,12.5833,1
534,12.6667,1
535,16.6667,1
536,10.0,1
537,15.1667,1
538,10.8333,1
539,20.0833,1
540,15.1667,1
541,11.6667,1
542,15.0833,1
543,12.6667,1
544,10.0,1
545,12.5833,1
546,7.5833,1
547,10.0833,1
548,7.5833,1
549,17.6667,1
550,17.6667,1
551,15.0833,1
552,8.5,1
553,15.1667,1
554,17.6667,1
555,7.5833,1
556,15.0833,1
557,12.5833,1
558,10.0,1
559,20.0833,1
560,4.5833,1
561,10.0833,1
562,12.5,1
563,20.0833,1
564,12.5833,1
565,13.5833,1
566,10.0833,1
567,10.0,1
568,10.0833,1
569,10.0833,1
570,20.1667,1
571,15.0,1
572,10.5,1
573,20.1667,1
574,10.0833,1
575,17.5833,1
576,22.6667,1
577,7.5,1
578,12.5833,1
579,20.0833,1
580,10.0833,1
581,20.1667,1
582,12.5833,1
583,20.1667,1
584,7.5833,1
585,15.1667,1
586,9.0833,1
587,15.1667,1
588,10.0,1
589,7.5833,1
590,12.5833,1
591,17.5833,1
592,12.5,1
593,7.5833,1
594,10.0833,1
595,10.0833,1
596,15.0833,1
597,10.0,1
598,22.6667,1
599,15.1667,1
600,10.0833,1
601,16.6667,1
602,10.0833,1
603,8.5833,1
604,17.5833,1
605,12.5833,1
606,15.0833,1
607,17.5833,1
608,10.0833,1
609,12.5833,1
610,12.5833,1
611,17.5833,1
612,10.0833,1
613,10.9167,1
614,10.0,1
615,10.0833,1
616,12.5833,1
617,7.5,1
618,15.0833,1
619,15.1667,1
620,7.5833,1
621,10.0,1
622,17.6667,1
623,15.0833,1
624,10.0833,1
625,12.5833,1
626,12.6667,1
627,7.5833,1
628,10.0,1
629,12.5833,1
630,10.0833,1
631,15.1667,1
632,15.0833,1
633,15.1667,1
634,12.5833,1
635,10.0833,1
636,7.5,1
637,10.0833,1
638,12.5833,1
639,7.5,1
640,17.5,1
641,7.5,1
642,7.5,1
643,10.0833,1
644,10.0833,1
645,12.5833,1
646,17.6667,1
647,15.0833,1
648,10.0833,1
649,15.1667,1
650,15.1667,1
651,10.0,1
652,12.6667,1
653,10.0833,1
654,15.0833,1
655,10.0833,1
656,12.5833,1
657,10.0833,1
658,12.5833,1
659,20.1667,1
660,10.0,1
661,8.5833,1
662,12.5,1
663,10.0833,1
664,10.0833,1
665,10.0,1
666,10.0833,1
667,10.0833,1
668,12.5,1
669,20.1667,1
670,15.1667,1
671,10.0833,1
672,7.5833,1
673,5.0,1
674,12.5833,1
675,10.0833,1
676,13.5833,1
677,7.5833,1
678,15.0833,1
679,12.5833,1
680,15.0833,1
681,10.0,1
682,10.0833,1
683,10.0833,1
684,17.5833,1
685,15.1667,1
686,5.0,1
687,7.5,1
688,10.0833,1
689,20.1667,1
690,10.0833,1
691,12.5833,1
692,10.0833,1
693,10.0833,1
694,17.5833,1
695,15.0,1
696,10.0,1
697,15.0833,1
698,15.9167,1
699,15.0,1
700,7.5,1
701,10.0833,1
702,12.5,1
703,15.0,1
704,15.1667,1
705,12.5833,1
706,12.6667,1
707,17.5833,1
708,9.1667,1
709,12.5833,1
710,7.5,1
711,22.6667,1
712,17.6667,1
713,10.0833,1
714,17.6667,1
715,12.5,1
716,12.5833,1
717,15.0833,1
718,12.5833,1
719,15.0833,1
720,10.0833,1
721,20.0833,1
722,10.0,1
723,12.5833,1
724,10.0,1
725,13.5833,1
726,12.5833,1
727,15.1667,1
728,15.0833,1
729,10.0833,1
730,10.0833,1
731,10.0833,1
732,12.5833,1
733,17.6667,1
734,10.0,1
735,15.0833,1
736,12.5833,1
737,12.5833,1
738,17.5833,1
739,2.5,1
740,15.0833,1
741,12.5833,1
742,15.0833,1
743,12.5833,1
744,10.0833,1
745,12.5833,1
746,10.0,1
747,10.0,1
748,12.5,1
749,10.0833,1
750,10.0833,1
751,7.5,1
752,15.0833,1
753,15.0833,1
754,10.0833,1
755,12.5833,1
756,12.6667,1
757,7.5,1
758,12.6667,1
759,10.0,1
760,12.5833,1
761,10.0833,1
762,10.0833,1
763,15.1667,1
764,20.1667,1
765,12.5,1
766,7.5833,1
767,10.0,1
768,17.5833,1
769,10.0,1
770,17.5833,1
771,12.5833,1
772,15.0833,1
773,7.5833,1
774,12.1667,1
775,10.0,1
776,15.0,1
777,20.1667,1
778,10.0833,1
779,10.0833,1
780,10.0,1
781,12.5833,1
782,10.0833,1
783,10.0833,1
784,20.1667,1
785,10.0833,1
786,10.0833,1
787,10.0833,1
788,10.0,1
789,12.5,1
790,7.5833,1
791,17.5833,1
792,22.5833,1
793,15.0,1
794,12.5833,1
795,7.5,1
796,12.5,1
797,12.5,1
798,17.6667,1
799,10.0833,1
800,7.5833,1
801,20.0833,1
802,10.0833,1
803,10.0833,1
804,12.5833,1
805,15.0833,1
806,15.1667,1
807,10.0,1
808,10.0,1
809,2.5,1
810,15.1667,1
811,17.5833,1
812,15.0833,1
813,7.5,1
814,7.5833,1
815,10.0833,1
816,7.5833,1
817,12.5833,1
818,10.0833,1
819,12.5833,1
820,17.6667,1
821,7.5833,1
822,17.5833,1
823,12.5,1
824,15.1667,1
825,10.0833,1
826,7.5,1
827,10.0833,1
828,10.0833,1
829,10.0,1
830,17.5833,1
831,17.5833,1
832,16.0833,1
833,12.5833,1
834,10.0833,1
835,17.5,1
836,15.0,1
837,15.0,1
838,7.5833,1
839,14.6667,1
840,12.5833,1
841,20.1667,1
842,10.0,1
843,10.0833,1
844,15.0833,1
845,7.5,1
846,15.1667,1
847,12.5833,1
848,7.5833,1
849,7.5,1
850,7.5833,1
851,17.6667,1
852,10.0833,1
853,10.0,1
854,12.5833,1
855,10.0833,1
856,12.5833,1
857,12.0833,1
858,15.0833,1
859,12.5833,1
860,15.0833,1
861,7.5833,1
862,12.5833,1
863,12.5,1
864,15.1667,1
865,10.0,1
866,12.5833,1
867,15.0,1
868,10.0,1
869,12.5,1
870,20.1667,1
871,15.0833,1
872,15.0833,1
873,15.1667,1
874,7.5,1
875,12.5833,1
876,12.5833,1
877,12.5833,1
878,15.0833,1
879,10.0833,1
880,10.0,1
881,10.0833,1
882,15.0833,1
883,10.0833,1
884,12.5833,1
885,10.0,1
886,10.0833,1
887,12.5,1
888,10.0833,1
889,15.0833,1
890,12.5,1
891,10.0,1
892,12.5,1
893,12.6667,1
894,17.5833,1
895,17.5833,1
896,12.5833,1
897,7.5833,1
898,15.1667,1
899,20.0833,1
900,17.6667,1
901,20.0833,1
902,9.25,1
903,12.5833,1
904,10.0833,1
905,19.25,1
906,15.0833,1
907,14.0833,1
908,15.0833,1
909,15.1667,1
910,30.25,1
911,15.0833,1
912,12.5833,1
913,10.0833,1
914,19.25,1
915,15.0833,1
916,9.5833,1
917,25.0833,1
918,7.5833,1
919,20.1667,1
920,12.5833,1
921,20.1667,1
922,17.5833,1
923,15.0833,1
924,17.6667,1
925,10.0833,1
926,2.5,1
927,17.5833,1
928,12.5833,1
929,10.0,1
930,15.0833,1
931,15.0,1
932,10.0833,1
933,25.6667,1
934,10.0833,1
935,12.5833,1
936,12.5833,1
937,12.5,1
938,15.0833,1
939,7.5833,1
940,15.0833,1
941,7.5833,1
942,15.0833,1
943,7.5833,1
944,10.0833,1
945,12.6667,1
946,7.5833,1
947,12.5833,1
948,15.1667,1
949,15.0833,1
950,11.75,1
951,10.0,1
952,15.1667,1
953,7.5,1
954,10.0833,1
955,8.5833,1
956,7.5833,1
957,10.0,1
958,12.5833,1
959,2.5833,1
960,17.6667,1
961,12.5833,1
962,12.6667,1
963,10.0833,1
964,17.5833,1
965,15.0833,1
966,5.0833,1
967,7.5,1
968,12.5833,1
969,12.6667,1
970,15.1667,1
971,2.5833,1
972,10.0833,1
973,10.0833,1
974,10.0833,1
975,15.0,1
976,9.0,1
977,15.1667,1
978,7.5833,1
979,10.0,1
980,15.1667,1
981,15.1667,1
982,10.0833,1
983,10.0,1
984,10.0833,1
985,7.5833,1
986,15.0,1
987,10.0833,1
988,12.5833,1
989,10.0,1
990,12.6667,1
991,12.5833,1
992,12.5833,1
993,10.0833,1
994,12.5833,1
995,15.1667,1
996,8.5833,1
997,15.1667,1
998,12.5833,1
999,10.0833,1
1000,12.5833,1
1001,15.0833,1
1002,7.5,1
1003,17.5833,1
1004,7.5,1
1005,10.0,1
1006,15.0833,1
1007,15.1667,1
1008,15.0833,1
1009,17.5833,1
1010,15.0833,1
1011,12.5833,1
1012,15.0833,1
1013,10.0833,1
1014,17.5,1
1015,10.0833,1
1016,12.5833,1
1017,15.1667,1
1018,14.1667,1
1019,12.5833,1
1020,15.0,1
1021,17.6667,1
1022,12.6667,1
1023,10.0833,1
1024,15.0833,1
1025,12.5833,1
1026,22.6667,1
1027,14.1667,1
1028,7.5833,1
1029,10.0,1
1030,10.0833,1
1031,17.5833,1
1032,10.0833,1
1033,10.0833,1
1034,7.5,1
1035,12.5833,1
1036,12.5833,1
1037,17.5833,1
1038,16.75,1
1039,12.5833,1
1040,10.0833,1
1041,7.5833,1
1042,10.0833,1
1043,17.6667,1
1044,12.5,1
1045,15.1667,1
1046,17.5833,1
1047,7.5833,1
1048,7.5,1
1049,12.5833,1
1050,10.0,1
1051,8.5833,1
1052,12.5833,1
1053,14.1667,1
1054,10.0833,1
1055,20.1667,1
1056,15.1667,1
1057,22.5833,1
1058,7.5833,1
1059,10.0,1
1060,15.0833,1
1061,12.6667,1
1062,12.5833,1
1063,7.5833,1
1064,12.5,1
1065,12.6667,1
1066,17.6667,1
1067,10.0833,1
1068,21.8333,1
1069,7.5833,1
1070,10.0,1
1071,10.0833,1
1072,10.0,1
1073,10.0833,1
1074,7.5833,1
1075,15.0833,1
1076,10.0833,1
1077,12.5833,1
1078,10.0,1
1079,7.5833,1
1080,7.5,1
1081,12.5,1
1082,15.0833,1
1083,11.5,1
1084,20.1667,1
1085,12.5833,1
1086,10.0,1
1087,12.5833,1
1088,17.5833,1
1089,12.6667,1
1090,17.5833,1
1091,15.0833,1
1092,12.6667,1
1093,12.5833,1
1094,10.0833,1
1095,7.5833,1
1096,10.0833,1
1097,12.5833,1
1098,10.0833,1
1099,10.0833,1
1100,10.0833,1
1101,2.5,1
1102,7.5833,1
1103,12.5833,1
1104,15.1667,1
1105,10.0833,1
1106,12.5,1
1107,17.5833,1
1108,15.0833,1
1109,10.0,1
1110,2.5,1
1111,10.8333,1
1112,17.6667,1
1113,12.5833,1
1114,7.5833,1
1115,22.5833,1
1116,17.6667,1
1117,10.0833,1
1118,10.0,1
1119,15.0833,1
1120,17.5833,1
1121,15.0833,1
1122,10.0833,1
1123,10.0,1
1124,7.5833,1
1125,15.1667,1
1126,16.0,1
1127,10.0833,1
1128,12.5833,1
1129,7.5,1
1130,7.5833,1
1131,10.0833,1
1132,7.5,1
1133,15.0833,1
1134,10.0,1
1135,15.1667,1
1136,12.5833,1
1137,9.5,1
1138,20.0833,1
1139,12.5833,1
1140,10.0833,1
1141,12.5833,1
1142,15.0833,1
1143,12.6667,1
1144,15.1667,1
1145,12.5,1
1146,12.5833,1
1147,12.5833,1
1148,17.5833,1
1149,16.5833,1
1150,20.1667,1
1151,20.1667,1
1152,12.5,1
1153,7.5833,1
1154,12.5833,1
1155,10.0,1
1156,20.1667,1
1157,15.0833,1
1158,12.0833,1
1159,10.0,1
1160,10.0,1
1161,13.0833,1
1162,17.5833,1
1163,7.5,1
1164,22.5833,1
1165,12.5833,1
1166,15.0833,1
1167,15.0833,1
1168,7.5,1
1169,15.1667,1
1170,15.0833,1
1171,6.5833,1
1172,15.1667,1
1173,15.1667,1
1174,10.0,1
1175,10.9167,1
1176,15.0833,1
1177,10.0833,1
1178,15.1667,1
1179,10.0833,1
1180,20.1667,1
1181,12.5,1
1182,15.0833,1
1183,12.5833,1
1184,10.0833,1
1185,18.4167,1
1186,7.5,1
1187,15.0,1
1188,7.5,1
1189,10.0833,1
1190,10.0833,1
1191,12.5833,1
1192,15.0,1
1193,10.0,1
1194,15.1667,1
1195,24.6667,1
1196,12.0833,1
1197,7.5833,1
1198,15.0833,1
1199,15.0833,1
1200,10.0833,1
1201,10.0833,1
1202,12.5833,1
1203,7.5833,1
1204,12.5833,1
1205,5.0,1
1206,20.0833,1
1207,11.5833,1
1208,12.5833,1
1209,12.5833,1
1210,10.0,1
1211,15.0833,1
1212,10.0833,1
1213,15.1667,1
1214,12.5833,1
1215,7.5,1
1216,15.0833,1
1217,10.0,1
1218,4.5833,1
1219,10.0,1
1220,15.0833,1
1221,10.5833,1
1222,27.75,1
1223,17.6667,1
1224,10.0833,1
1225,7.5833,1
1226,12.5833,1
1227,10.0,1
1228,10.0833,1
1229,7.5,1
1230,12.5,1
1231,17.6667,1
1232,10.0833,1
1233,15.0,1
1234,10.0833,1
1235,22.6667,1
1236,15.0833,1
1237,7.5,1
1238,17.5833,1
1239,15.1667,1
1240,7.5,1
1241,10.0833,1
1242,12.5833,1
1243,15.1667,1
1244,12.5833,1
1245,15.0833,1
1246,15.0,1
1247,7.5,1
1248,7.5,1
1249,12.5833,1
1250,10.0833,1
1251,7.5,1
1252,7.5833,1
1253,10.0833,1
1254,12.5833,1
1255,12.5,1
1256,10.0833,1
1257,15.0833,1
1258,7.5833,1
1259,15.1667,1
1260,7.5833,1
1261,15.0833,1
1262,10.0833,1
1263,12.5833,1
1264,15.0833,1
1265,12.5833,1
1266,15.0833,1
1267,7.5,1
1268,10.0833,1
1269,15.0833,1
1270,15.0833,1
1271,15.0833,1
1272,10.0833,1
1273,15.1667,1
1274,17.5833,1
1275,20.1667,1
1276,12.6667,1
1277,12.5,1
1278,12.5833,1
1279,12.5,1
1280,17.5833,1
1281,15.0833,1
1282,10.0,1
1283,7.5,1
1284,15.0833,1
1285,10.9167,1
1286,22.6667,1
1287,17.6667,1
1288,9.5833,1
1289,10.0833,1
1290,12.5833,1
1291,7.5,1
1292,15.1667,1
1293,10.0,1
1294,12.5833,1
1295,20.0833,1
1296,7.5,1
1297,15.0833,1
1298,15.0833,1
1299,15.0833,1
1300,12.5833,1
1301,12.5833,1
1302,15.0833,1
1303,12.5833,1
1304,12.5833,1
1305,19.5833,1
1306,12.5833,1
1307,10.0833,1
1308,10.0,1
1309,10.0,1
1310,15.0833,1
1311,10.0,1
1312,10.0,1
1313,18.0833,1
1314,17.5833,1
1315,10.0833,1
1316,10.0,1
1317,10.0833,1
1318,9.0833,1
1319,17.5833,1
1320,12.5833,1
1321,20.1667,1
1322,15.1667,1
1323,10.0833,1
1324,10.0833,1
1325,15.1667,1
1326,15.0833,1
1327,10.0,1
1328,12.5833,1
1329,12.5833,1
1330,10.8333,1
1331,10.0833,1
1332,12.5,1
1333,7.5,1
1334,7.5,1
1335,15.1667,1
1336,15.0833,1
1337,10.0833,1
1338,12.5833,1
1339,16.8333,1
1340,17.6667,1
1341,12.6667,1
1342,10.0833,1
1343,7.5833,1
1344,17.6667,1
1345,20.1667,1
1346,15.1667,1
1347,20.0833,1
1348,15.1667,1
1349,15.0833,1
1350,7.5,1
1351,7.5833,1
1352,10.0,1
1353,12.5833,1
1354,16.0,1
1355,15.0833,1
1356,10.0833,1
1357,17.6667,1
1358,12.5833,1
1359,10.0833,1
1360,17.5833,1
1361,85.5833,1
1362,12.5,1
1363,15.0833,1
1364,10.0,1
1365,10.0,1
1366,10.0833,1
1367,10.0833,1
1368,17.5,1
1369,12.6667,1
1370,3.3333,1
1371,20.0833,1
1372,10.0833,1
1373,7.5833,1
1374,10.0,1
1375,12.5,1
1376,15.0,1
1377,22.6667,1
1378,7.5,1
1379,15.1667,1
1380,12.5,1
1381,13.5,1
1382,10.0833,1
1383,10.0833,1
1384,15.0833,1
1385,10.0833,1
1386,20.0833,1
1387,7.5,1
1388,10.0833,1
1389,7.5,1
1390,12.6667,1
1391,10.0833,1
1392,20.0833,1
1393,12.5,1
1394,12.6667,1
1395,10.0833,1
1396,12.5833,1
1397,10.0,1
1398,15.1667,1
1399,15.0,1
1400,15.0833,1
1401,10.0,1
1402,7.5833,1
1403,10.0833,1
1404,10.0,1
1405,15.0833,1
1406,20.0833,1
1407,12.5833,1
1408,15.0833,1
1409,17.5833,1
1410,10.0833,1
1411,7.5833,1
1412,12.5833,1
1413,7.5,1
1414,22.6667,1
1415,10.0,1
1416,17.6667,1
1417,17.6667,1
1418,17.5833,1
1419,7.5,1
1420,10.0833,1
1421,17.5833,1
1422,7.5,1
1423,12.5833,1
1424,20.1667,1
1425,20.1667,1
1426,12.5,1
1427,14.25,1
1428,10.0833,1
1429,11.0833,1
1430,18.5,1
1431,12.5833,1
1432,12.5833,1
1433,17.5833,1
1434,10.0833,1
1435,15.1667,1
1436,14.0833,1
1437,15.1667,1
1438,15.1667,1
1439,7.5833,1
1440,15.0,1
1441,15.1667,1
1442,15.1667,1
1443,10.0,1
1444,15.0833,1
1445,7.5,1
1446,7.5,1
1447,10.0,1
1448,12.5,1
1449,10.0833,1
1450,12.6667,1
1451,10.0833,1
1452,10.0,1
1453,10.0833,1
1454,20.1667,1
1455,10.0833,1
1456,10.0,1
1457,10.0833,1
1458,10.0833,1
1459,15.1667,1
1460,12.5833,1
1461,12.5,1
1462,10.0833,1
1463,20.0833,1
1464,10.0833,1
1465,22.5833,1
1466,12.0833,1
1467,12.5,1
1468,10.0833,1
1469,12.6667,1
1470,17.6667,1
1471,8.5,1
1472,15.1667,1
1473,15.0833,1
1474,17.6667,1
1475,10.0833,1
1476,10.0833,1
1477,10.0833,1
1478,20.1667,1
1479,10.0,1
1480,10.0833,1
1481,20.1667,1
1482,7.5833,1
1483,12.5833,1
1484,12.5833,1
1485,15.0833,1
1486,15.0833,1
1487,15.1667,1
1488,10.0,1
1489,10.0833,1
1490,7.5833,1
1491,17.5833,1
1492,17.6667,1
1493,20.0833,1
1494,7.5,1
1495,12.5833,1
1496,10.0833,1
1497,12.5833,1
1498,7.5833,1
1499,15.9167,1
1500,7.5,1
1501,15.1667,1
1502,12.5833,1
1503,15.0833,1
1504,7.5833,1
1505,7.5833,1
1506,7.5833,1
1507,15.0833,1
1508,15.1667,1
1509,12.5833,1
1510,20.1667,1
1511,10.0833,1
1512,15.0,1
1513,10.0833,1
1514,7.5,1
1515,12.6667,1
1516,7.5833,1
1517,17.5833,1
1518,10.0,1
1519,7.5,1
1520,15.1667,1
1521,10.0833,1
1522,15.0833,1
1523,12.5833,1
1524,15.0833,1
1525,10.0,1
1526,12.5,1
1527,12.5,1
1528,17.5833,1
1529,7.5833,1
1530,15.0,1
1531,10.0833,1
1532,12.5833,1
1533,12.5833,1
1534,10.0833,1
1535,22.75,1
1536,15.1667,1
1537,17.5833,1
1538,12.6667,1
1539,10.0833,1
1540,20.1667,1
1541,7.5833,1
1542,10.0833,1
1543,12.5833,1
1544,10.0,1
1545,10.0833,1
1546,15.0833,1
1547,7.5,1
1548,10.0833,1
1549,20.1667,1
1550,10.0833,1
1551,12.5833,1
1552,10.0833,1
1553,10.0833,1
1554,7.5833,1
1555,10.0833,1
1556,12.5833,1
1557,19.6667,1
1558,10.0833,1
1559,10.0833,1
1560,9.25,1
1561,15.1667,1
1562,7.5833,1
1563,7.5833,1
1564,12.5833,1
1565,15.0833,1
1566,10.0833,1
1567,10.0,1
1568,10.0,1
1569,10.0833,1
1570,7.5833,1
1571,5.0,1
1572,10.0,1
1573,12.5,1
1574,7.5833,1
1575,12.5833,1
1576,15.1667,1
1577,15.0833,1
1578,17.5,1
1579,2.5,1
1580,12.5833,1
1581,15.0833,1
1582,10.0833,1
1583,12.5833,1
1584,17.6667,1
1585,10.0,1
1586,15.0833,1
1587,20.1667,1
1588,15.0833,1
1589,10.0833,1
1590,7.5833,1
1591,7.5,1
1592,12.5833,1
1593,10.0,1
1594,15.0833,1
1595,17.1667,1
1596,14.5833,1
1597,20.0833,1
1598,10.8333,1
1599,10.0,1
1600,10.9167,1
1601,11.75,1
1602,12.5833,1
1603,10.0833,1
1604,16.5833,1
1605,10.0833,1
1606,15.0833,1
1607,17.6667,1
1608,15.1667,1
1609,15.1667,1
1610,9.0833,1
1611,10.0833,1
1612,14.25,1
1613,12.5833,1
1614,4.0,1
1615,15.1667,1
1616,10.0,1
1617,10.0833,1
1618,10.0833,1
1619,12.5833,1
1620,16.75,1
1621,7.5,1
1622,7.5833,1
1623,10.0,1
1624,12.5833,1
1625,15.0833,1
1626,14.0833,1
1627,15.0833,1
1628,17.5833,1
1629,10.0,1
1630,17.5833,1
1631,9.0833,1
1632,10.0833,1
1633,7.5,1
1634,17.6667,1
1635,15.0833,1
1636,15.1667,1
1637,12.5833,1
1638,5.0,1
1639,7.5833,1
1640,15.0833,1
1641,12.5,1
1642,15.1667,1
1643,10.0833,1
1644,15.1667,1
1645,10.0,1
1646,12.5833,1
1647,12.5833,1
1648,7.5833,1
1649,10.0,1
1650,10.0833,1
1651,15.1667,1
1652,15.0833,1
1653,2.5,1
1654,15.1667,1
1655,8.5833,1
1656,10.0833,1
1657,22.5833,1
1658,12.5,1
1659,20.0833,1
1660,12.5833,1
1661,5.0,1
1662,10.0,1
1663,15.1667,1
1664,10.0833,1
1665,10.0833,1
1666,12.5833,1
1667,15.0,1
1668,11.0833,1
1669,10.0833,1
1670,20.0833,1
1671,12.5833,1
1672,10.0833,1
1673,10.0,1
1674,10.0,1
1675,15.0833,1
1676,10.0833,1
1677,12.5,1
1678,20.1667,1
1679,12.5833,1
1680,10.0,1
1681,9.5833,1
1682,10.0833,1
1683,16.6667,1
1684,7.5,1
1685,17.5833,1
1686,10.0833,1
1687,10.0833,1
1688,15.0833,1
1689,7.5,1
1690,10.0,1
1691,12.5833,1
1692,7.5,1
1693,15.0833,1
1694,15.0833,1
1695,15.0833,1
1696,20.1667,1
1697,12.5,1
1698,12.5833,1
1699,20.0833,1
1700,12.5833,1
1701,10.0833,1
1702,10.0833,1
1703,10.0833,1
1704,12.5,1
1705,10.0833,1
1706,10.0,1
1707,7.5833,1
1708,15.0833,1
1709,20.1667,1
1710,7.5,1
1711,12.5833,1
1712,7.5,1
1713,20.1667,1
1714,7.5,1
1715,10.0833,1
1716,12.5833,1
1717,11.0,1
1718,12.5833,1
1719,32.75,1
1720,12.5833,1
1721,7.5833,1
1722,15.0833,1
1723,11.5833,1
1724,10.0833,1
1725,10.0833,1
1726,15.1667,1
1727,11.0,1
1728,10.0833,1
1729,15.1667,1
1730,15.1667,1
1731,7.5,1
1732,10.0,1
1733,15.0833,1
1734,7.5,1
1735,10.0833,1
1736,15.0833,1
1737,10.0,1
1738,7.5833,1
1739,10.0833,1
1740,12.5,1
1741,16.75,1
1742,7.5,1
1743,10.0833,1
1744,7.5833,1
1745,17.6667,1
1746,10.0833,1
1747,15.1667,1
1748,12.5833,1
1749,16.8333,1
1750,27.6667,1
1751,17.6667,1
1752,15.1667,1
1753,15.0833,1
1754,15.0833,1
1755,15.0833,1
1756,10.0833,1
1757,10.0833,1
1758,15.0,1
1759,10.0,1
1760,10.0,1
1761,7.5,1
1762,7.5833,1
1763,7.5833,1
1764,10.0833,1
1765,10.0833,1
1766,12.6667,1
1767,15.0,1
1768,15.0833,1
1769,7.5833,1
1770,7.5833,1
1771,7.5,1
1772,10.0,1
1773,10.0833,1
1774,13.4167,1
1775,2.5,1
1776,10.0,1
1777,10.0833,1
1778,12.5833,1
1779,17.5,1
1780,17.1667,1
1781,12.5833,1
1782,10.0833,1
1783,17.5833,1
1784,12.5833,1
1785,10.0833,1
1786,17.5833,1
1787,13.0833,1
1788,10.0833,1
1789,12.6667,1
1790,15.1667,1
1791,12.6667,1
1792,15.0833,1
1793,10.0833,1
1794,20.1667,1
1795,7.5833,1
1796,7.5,1
1797,17.5833,1
1798,15.0833,1
1799,17.6667,1
1800,10.0833,1
1801,2.5,1
1802,10.0833,1
1803,12.6667,1
1804,15.0833,1
1805,5.0833,1
1806,2.5,1
1807,20.1667,1
1808,17.5833,1
1809,12.5,1
1810,12.5833,1
1811,15.0,1
1812,10.0,1
1813,10.0833,1
1814,5.8333,1
1815,12.5833,1
1816,10.0833,1
1817,7.5833,1
1818,10.0,1
1819,12.5833,1
1820,15.0833,1
1821,20.0833,1
1822,12.5833,1
1823,15.0833,1
1824,12.5833,1
1825,17.6667,1
1826,10.0833,1
1827,17.5833,1
1828,10.0,1
1829,8.5833,1
1830,9.0833,1
1831,10.0833,1
1832,15.0833,1
1833,12.5,1
1834,15.0833,1
1835,7.5833,1
1836,10.0833,1
1837,17.6667,1
1838,10.0833,1
1839,10.0,1
1840,13.0833,1
1841,10.0833,1
1842,12.5833,1
1843,12.5833,1
1844,10.0833,1
1845,19.1667,1
1846,10.0833,1
1847,10.0833,1
1848,12.0833,1
1849,12.5833,1
1850,15.1667,1
1851,12.5833,1
1852,17.5833,1
1853,7.5,1
1854,20.1667,1
1855,12.5833,1
1856,12.5833,1
1857,10.0833,1
1858,17.6667,1
1859,12.5833,1
1860,12.5833,1
1861,12.5,1
1862,10.0833,1
1863,10.0,1
1864,15.0,1
1865,15.0833,1
1866,17.5,1
1867,15.0833,1
1868,22.75,1
1869,12.0,1
1870,10.0833,1
1871,10.0833,1
1872,12.5833,1
1873,12.5833,1
1874,15.0,1
1875,11.0833,1
1876,7.5,1
1877,17.5833,1
1878,10.0833,1
1879,7.5,1
1880,7.5,1
1881,12.5,1
1882,10.0833,1
1883,14.0833,1
1884,15.1667,1
1885,10.0,1
1886,12.5833,1
1887,10.0833,1
1888,15.0833,1
1889,17.5833,1
1890,10.0833,1
1891,10.0833,1
1892,10.0833,1
1893,20.0833,1
1894,12.5833,1
1895,7.5833,1
1896,7.5833,1
1897,7.5,1
1898,12.6667,1
1899,10.0833,1
1900,17.1667,1
1901,10.0833,1
1902,10.0,1
1903,10.0,1
1904,10.0833,1
1905,10.0833,1
1906,12.0833,1
1907,10.0833,1
1908,12.5,1
1909,12.5833,1
1910,10.0833,1
1911,15.1667,1
1912,10.0,1
1913,12.5833,1
1914,17.5833,1
1915,12.5833,1
1916,15.1667,1
1917,10.0,1
1918,12.6667,1
1919,15.0833,1
1920,14.6667,1
1921,10.0833,1
1922,17.5833,1
1923,10.0833,1
1924,10.0833,1
1925,9.0833,1
1926,13.4167,1
1927,15.1667,1
1928,17.6667,1
1929,20.1667,1
1930,12.5833,1
1931,12.5833,1
1932,12.5833,0
1933,12.6667,0
1934,10.0,1
1935,10.0833,0
1936,10.0833,1
1937,20.1667,1
1938,10.0833,1
1939,10.0,1
1940,12.5,1
1941,15.9167,0
1942,15.0833,1
1943,15.0,1
1944,17.6667,0
1945,15.1667,1
1946,17.6667,0
1947,15.0,1
1948,17.6667,1
1949,12.5833,1
1950,20.1667,0
1951,12.5,0
1952,10.0833,1
1953,12.5,0
1954,7.5833,1
1955,15.0833,1
1956,20.0833,1
1957,10.0833,1
1958,10.0833,1
1959,2.5833,0
1960,17.6667,1
1961,12.5833,1
1962,7.5,1
1963,12.5833,0
1964,20.1667,1
1965,15.0833,1
1966,10.0,1
1967,17.6667,0
1968,16.0833,0
1969,12.5,1
1970,15.1667,0
1971,10.0833,1
1972,10.0833,1
1973,20.0833,1
1974,11.75,1
1975,18.5,0
1976,15.1667,0
1977,17.6667,1
1978,10.0833,1
1979,20.1667,0
1980,12.5833,0
1981,10.0833,1
1982,10.0,1
1983,17.5833,0
1984,17.5833,0
1985,20.1667,1
1986,17.6667,0
1987,20.1667,0
1988,15.0833,0
1989,15.1667,0
1990,15.0,1
1991,14.1667,0
1992,12.5833,0
1993,12.5833,0
1994,15.0,0
1995,12.5833,0
1996,20.0833,1
1997,5.0,0
1998,10.9167,1
1999,16.6667,0
2000,15.0833,1
2001,12.6667,1
2002,20.1667,1
2003,10.0833,0
2004,12.5833,0
2005,15.0833,0
2006,12.5833,0
2007,12.5,1
2008,7.5833,1
2009,12.5833,0
2010,15.0,0
2011,15.0833,1
2012,15.0,1
2013,13.5,0
2014,12.5,0
2015,10.0,0
2016,15.1667,0
2017,15.0833,1
2018,17.5833,0
2019,12.5833,0
2020,15.0833,1
2021,10.0833,1
2022,12.5833,0
2023,8.5833,0
2024,15.0,0
2025,20.0833,0
2026,12.5833,0
2027,2.5,0
2028,12.6667,0
2029,12.5,0
2030,15.0833,1
2031,17.5,0
2032,12.5,0
2033,20.0833,1
2034,12.5833,0
2035,12.5833,1
2036,15.0833,0
2037,12.5833,0
2038,15.1667,0
2039,15.0833,0
2040,12.5833,0
2041,12.5,0
2042,12.5833,0
2043,25.0833,0
2044,25.1667,0
2045,15.0833,0
2046,15.1667,0
2047,7.5833,0
2048,15.1667,1
2049,17.5833,0
2050,17.6667,0
2051,21.8333,0
2052,17.6667,0
2053,12.5833,0
2054,12.5833,0
2055,6.6667,0
2056,15.0833,0
2057,15.0833,0
2058,10.0833,0
2059,12.5833,0
2060,12.5833,0
2061,15.0833,1
2062,19.25,0
2063,20.0833,0
2064,20.0833,0
2065,12.5833,0
2066,13.0833,0
2067,15.0,0
2068,12.6667,0
2069,14.1667,0
2070,20.0833,0
2071,15.0833,0
2072,5.0833,1
2073,20.1667,1
2074,20.0833,0
2075,17.0833,0
2076,15.0,0
2077,15.0833,0
2078,20.1667,0
2079,5.0,0
2080,20.1667,0
2081,20.0833,0
2082,12.5833,0
2083,12.5833,0
2084,20.0833,0
2085,12.5,0
2086,17.6667,0
2087,17.5833,0
2088,19.0833,0
2089,7.5833,1
2090,22.75,0
2091,12.5833,0
2092,12.5833,0
2093,10.0,0
2094,12.5833,0
2095,10.0833,0
2096,20.1667,0
2097,20.0833,0
2098,10.0833,0
2099,15.0833,0
2100,20.1667,0
2101,12.5833,0
2102,14.1667,0
2103,14.0833,0
2104,15.0833,0
2105,20.1667,0
2106,12.5833,0
2107,12.5,0
2108,17.5833,0
2109,12.5,0
2110,12.5,0
2111,17.5833,0
2112,12.5833,0
2113,17.6667,0
2114,12.5833,0
2115,15.0833,0
2116,10.0833,0
2117,12.5833,0
2118,14.1667,0
2119,12.5833,0
2120,17.6667,0
2121,20.1667,0
2122,17.5833,0
2123,20.0833,0
2124,10.0833,0
2125,15.1667,0
2126,15.0,0
2127,17.5833,0
2128,15.0833,0
2129,15.0833,0
2130,15.0,0
2131,10.0,0
2132,15.0833,0
2133,12.5833,0
2134,17.5,0
2135,12.6667,0
2136,17.6667,0
2137,12.5,0
2138,10.0,0
2139,12.6667,0
2140,10.8333,0
2141,7.5,0
2142,7.5833,0
2143,17.5833,0
2144,20.1667,0
2145,12.5,0
2146,17.5833,0
2147,12.5833,0
2148,12.5833,0
2149,15.0833,0
2150,17.5833,0
2151,15.0833,0
2152,15.0833,0
2153,12.5833,0
2154,27.1667,0
2155,10.0833,0
2156,20.1667,0
2157,12.5833,0
2158,10.0833,0
2159,17.6667,0
2160,19.3333,0
2161,16.6667,0
2162,20.0833,0
2163,22.5833,0
2164,10.0,0
2165,12.5833,0
2166,12.5833,0
2167,15.0833,0
2168,10.0833,0
2169,17.6667,0
2170,20.1667,0
2171,17.5833,0
2172,12.5833,0
2173,15.1667,0
2174,11.75,0
2175,10.0833,0
2176,17.5833,0
2177,12.5,0
2178,22.5833,0
2179,12.5833,0
2180,12.5833,0
2181,12.5,0
2182,17.5833,0
2183,10.9167,0
2184,12.5833,0
2185,20.1667,0
2186,17.6667,0
2187,2.5,0
2188,17.6667,0
2189,12.5833,0
2190,12.6667,0
2191,17.5833,0
2192,20.0833,0
2193,15.0833,0
2194,12.5,0
2195,15.0,0
2196,15.1667,0
2197,10.9167,0
2198,20.1667,0
2199,12.5833,0
2200,15.0833,0
2201,16.0,0
2202,12.5833,0
2203,12.5833,0
2204,12.6667,0
2205,17.5833,0
2206,16.0833,0
2207,14.25,0
2208,20.1667,0
2209,12.5,0
2210,20.1667,0
2211,15.0833,0
2212,18.4167,0
2213,15.0833,0
2214,15.0833,0
2215,17.5833,0
2216,15.0833,0
2217,12.0,0
2218,15.0833,0
2219,12.5833,0
2220,12.5833,0
2221,10.8333,0
2222,20.0,0
2223,22.75,0
2224,17.5833,0
2225,12.5,0
2226,15.1667,0
2227,16.8333,0
2228,12.5833,0
2229,17.1667,0
2230,22.5833,0
2231,17.5833,0
2232,17.5833,0
2233,12.5833,0
2234,12.5833,0
2235,12.5833,0
2236,15.1667,0
2237,10.0833,0
2238,15.0833,0
2239,8.5833,0
2240,5.9167,0
2241,15.0833,0
2242,15.0833,0
2243,7.5833,0
2244,12.5,0
2245,20.1667,0
2246,17.5833,0
2247,20.1667,0
2248,10.0,0
2249,17.6667,0
2250,10.0,0
2251,21.8333,0
2252,12.5833,0
2253,12.6667,0
2254,15.0833,0
2255,17.5833,0
2256,12.5833,0
2257,12.5833,0
2258,15.1667,0
2259,20.1667,0
2260,16.75,0
2261,12.5833,0
2262,20.1667,0
2263,12.5833,0
2264,12.5833,0
2265,21.75,0
2266,12.5833,0
2267,5.0,0
2268,17.6667,0
2269,17.6667,0
2270,15.0833,0
2271,17.6667,0
2272,12.5833,0
2273,8.3333,0
2274,7.5,0
2275,15.0833,0
2276,12.5833,0
2277,12.5833,0
2278,12.5833,0
2279,12.6667,0
2280,12.5833,0
2281,15.1667,0
2282,12.5833,0
2283,12.5833,0
2284,18.0833,0
2285,12.5833,0
2286,15.0833,0
2287,20.1667,0
2288,17.6667,0
2289,20.0833,0
2290,15.0833,0
2291,15.0,0
2292,12.5833,0
2293,17.5833,0
2294,18.3333,0
2295,14.0833,0
2296,15.1667,0
2297,21.8333,0
2298,15.0833,0
2299,12.5833,0
2300,15.0833,0
2301,7.5,0
2302,17.5833,0
2303,15.0833,0
2304,10.5,0
2305,11.75,0
2306,5.0,0
2307,10.0833,0
2308,22.5833,0
2309,12.5833,0
2310,12.5833,0
2311,12.5833,0
2312,12.5,0
2313,15.1667,0
2314,18.6667,0
2315,15.0833,0
2316,12.5,0
2317,20.0833,0
2318,20.0833,0
2319,12.5833,0
2320,7.5833,0
2321,12.5833,0
2322,7.5,0
2323,12.5,0
2324,12.5833,0
2325,15.1667,0
2326,2.5,0
2327,12.5833,0
2328,20.0833,0
2329,22.5833,0
2330,12.5833,0
2331,20.0833,0
2332,15.1667,0
2333,10.0,0
2334,12.5,0
2335,2.5,0
2336,17.6667,0
2337,12.5833,0
2338,12.5833,0
2339,15.0,0
2340,10.0833,0
2341,15.1667,0
2342,17.5833,0
2343,16.8333,0
2344,10.0,0
2345,17.6667,0
2346,12.6667,0
2347,6.0,0
2348,12.5833,0
2349,15.1667,0
2350,20.0833,0
2351,15.1667,1
2352,17.5833,0
2353,20.0833,0
2354,17.6667,0
2355,15.0833,0
2356,12.6667,0
2357,10.0,0
2358,2.5,0
2359,13.4167,0
2360,17.5833,0
2361,15.0833,0
2362,11.0,0
2363,12.6667,0
2364,12.6667,0
2365,17.5833,0
2366,15.0833,0
2367,19.1667,0
2368,17.6667,0
2369,22.5833,0
2370,15.0833,0
2371,12.5833,0
2372,12.5833,0
2373,17.5833,0
2374,17.5833,0
2375,15.0833,0
2376,12.5,0
2377,18.5833,0
2378,20.1667,0
2379,17.5,0
2380,20.1667,0
2381,10.0833,0
2382,15.0833,0
2383,12.5833,0
2384,17.5,0
2385,12.5833,0
2386,17.6667,0
2387,15.0833,0
2388,12.5833,0
2389,17.5,0
2390,17.6667,0
2391,10.0833,0
2392,12.5833,0
2393,17.5833,0
2394,13.4167,0
2395,12.6667,0
2396,10.5833,0
2397,17.5833,0
2398,40.25,0
2399,17.5,0
2400,17.5833,0
2401,15.1667,0
2402,12.5833,0
2403,12.5833,0
2404,20.0833,0
2405,17.6667,0
2406,20.0833,0
2407,15.0833,0
2408,13.4167,0
2409,10.0,0
2410,12.5,0
2411,15.0833,0
2412,15.1667,0
2413,2.5,0
2414,12.5,0
2415,15.0833,0
2416,17.5833,0
2417,22.6667,0
2418,20.0833,0
2419,12.5833,0
2420,15.0833,0
2421,15.0833,0
2422,10.0,0
2423,12.5833,0
2424,16.0,0
2425,37.75,0
2426,12.5833,0
2427,15.1667,0
2428,16.6667,0
2429,6.6667,0
2430,15.0,0
2431,20.1667,0
2432,15.0833,0
2433,12.5833,0
2434,13.0833,0
2435,11.5833,0
2436,20.1667,0
2437,15.0833,0
2438,10.5833,0
2439,15.1667,0
2440,12.5833,0
2441,20.8333,0
2442,15.1667,0
2443,15.1667,0
2444,10.0833,0
2445,15.1667,0
2446,12.5833,0
2447,13.5833,0
2448,20.0833,0
2449,20.1667,0
2450,15.0833,0
2451,17.6667,0
2452,22.5833,0
2453,17.5833,0
2454,12.5833,0
2455,10.0,0
2456,15.0833,0
2457,17.5833,0
2458,16.75,0
2459,20.0833,0
2460,12.5833,0
2461,5.0,0
2462,17.6667,0
2463,20.1667,0
2464,20.1667,0
2465,14.25,0
2466,12.5833,0
2467,15.0833,0
2468,17.5833,0
2469,10.0,0
2470,17.5833,0
2471,12.5,0
2472,20.0833,0
2473,17.5833,0
2474,20.0833,0
2475,15.0833,0
2476,17.5833,0
2477,20.1667,0
2478,17.5833,0
2479,11.75,0
2480,15.0833,0
2481,22.6667,0
2482,20.1667,0
2483,15.0833,0
2484,20.1667,0
2485,10.0833,0
2486,15.1667,0
2487,15.0833,0
2488,15.0833,0
2489,12.5,0
2490,12.5833,0
2491,17.6667,0
2492,12.5833,0
2493,15.1667,0
2494,15.1667,0
2495,2.5,0
2496,22.5,0
2497,12.5833,0
2498,15.0833,0
2499,20.1667,0
2500,12.5,0
2501,10.0833,0
2502,7.5,0
2503,17.6667,0
2504,17.5833,0
2505,10.0833,0
2506,13.4167,0
2507,7.5,0
2508,17.6667,0
2509,17.5,0
2510,15.0833,0
2511,20.0833,0
2512,10.0833,0
2513,10.0833,0
2514,5.0,0
2515,12.5833,0
2516,12.5,0
2517,10.0,0
2518,12.5833,0
2519,12.5833,0
2520,20.0833,0
2521,14.25,0
2522,19.25,0
2523,16.6667,0
2524,17.5833,0
2525,20.1667,0
2526,2.5,0
2527,12.6667,0
2528,20.0833,0
2529,14.5833,0
2530,12.5,0
2531,11.0833,0
2532,15.1667,0
2533,15.0833,0
2534,20.1667,0
2535,19.3333,0
2536,20.0833,0
2537,20.0833,0
2538,25.25,0
2539,15.0833,0
2540,12.5833,0
2541,15.0,0
2542,12.5833,0
2543,10.0833,0
2544,10.0833,0
2545,20.0833,0
2546,17.6667,0
2547,19.25,0
2548,2.5,0
2549,10.0833,0
2550,10.0833,0
2551,12.5833,0
2552,10.0833,0
2553,13.0833,0
2554,13.5833,0
2555,17.5833,0
2556,17.5833,0
2557,12.5833,0
2558,20.1667,0
2559,17.5833,0
2560,17.6667,0
2561,12.5833,0
2562,15.0833,0
2563,10.0833,0
2564,18.0833,0
2565,10.0833,0
2566,17.6667,0
2567,10.0,0
2568,17.5833,0
2569,10.0833,0
2570,15.1667,0
2571,12.5833,0
2572,7.5833,0
2573,15.0833,0
2574,17.5833,0
2575,15.1667,0
2576,12.5833,0
2577,15.1667,0
2578,15.0833,0
2579,37.75,0
2580,10.0833,0
2581,15.0833,0
2582,12.5833,0
2583,20.1667,0
2584,16.8333,0
2585,5.0,0
2586,12.5833,0
2587,12.5833,0
2588,12.6667,0
2589,17.5833,0
2590,15.0833,0
2591,15.1667,0
2592,17.5833,0
2593,10.0,0
2594,17.5833,0
2595,12.5833,0
2596,10.0833,0
2597,17.6667,0
2598,12.5833,0
2599,15.0833,0
2600,15.0833,0
2601,17.5833,0
2602,15.1667,0
2603,15.1667,0
2604,12.5833,0
2605,17.5,0
2606,12.5833,0
2607,15.1667,0
2608,15.0,0
2609,15.0833,0
2610,15.0833,0
2611,20.0833,0
2612,17.5833,0
2613,10.9167,0
2614,20.0,0
2615,12.6667,0
2616,15.1667,0
2617,18.4167,0
2618,15.0833,0
2619,2.5833,0
2620,20.0833,0
2621,12.5833,0
2622,13.3333,0
2623,20.0833,0
2624,10.0833,0
2625,12.5833,0
2626,17.5833,0
2627,17.5833,0
2628,12.5833,0
2629,12.5,0
2630,12.5833,0
2631,17.5833,0
2632,12.5833,0
2633,15.0833,0
2634,17.5833,0
2635,12.0833,0
2636,12.5,0
2637,15.0833,0
2638,12.6667,0
2639,12.5,0
2640,17.5833,0
2641,12.6667,0
2642,20.0833,0
2643,7.5,0
2644,25.1667,0
2645,12.5833,0
2646,12.5833,0
2647,17.5,0
2648,12.5,0
2649,17.6667,0
2650,19.25,0
2651,35.1667,0
2652,16.0,0
2653,12.5833,0
2654,20.0833,0
2655,17.5833,0
2656,17.0833,0
2657,17.5833,0
2658,17.5833,0
2659,15.1667,0
2660,12.5,0
2661,17.5833,0
2662,12.5833,0
2663,14.6667,0
2664,17.5833,0
2665,12.5833,0
2666,20.1667,0
2667,15.1667,0
2668,17.5833,0
2669,12.5,0
2670,20.0833,0
2671,17.5833,0
2672,10.9167,0
2673,20.1667,0
2674,15.0833,0
2675,22.5833,0
2676,15.0833,0
2677,20.1667,0
2678,12.0833,0
2679,32.75,0
2680,12.5,0
2681,12.5,0
2682,12.5,0
2683,12.5,0
2684,20.0,0
2685,20.1667,0
2686,20.0833,0
2687,12.5833,0
2688,12.5,0
2689,20.1667,0
2690,15.0833,0
2691,12.5833,0
2692,17.6667,0
2693,12.5833,0
2694,20.0833,0
2695,30.1667,0
2696,12.6667,0
2697,15.0833,0
2698,15.0,0
2699,15.0833,0
2700,5.0,0
2701,12.5833,0
2702,12.0833,0
2703,10.0833,0
2704,20.1667,0
2705,15.0,0
2706,15.1667,0
2707,12.5833,0
2708,2.5,0
2709,12.5833,0
2710,10.0833,0
2711,10.5,0
2712,15.1667,0
2713,20.1667,0
2714,10.0833,0
2715,12.5833,0
2716,15.0833,0
2717,10.0833,0
2718,20.0833,0
2719,12.6667,0
2720,15.0833,0
2721,15.0833,0
2722,17.5833,0
2723,12.5833,0
2724,17.5833,0
2725,22.5833,0
2726,12.5833,0
2727,17.5833,0
2728,15.0833,0
2729,12.6667,0
2730,12.5833,0
2731,12.6667,0
2732,12.5833,0
2733,15.0833,0
2734,17.5833,0
2735,17.5833,0
2736,12.5833,0
2737,10.0,0
2738,15.1667,0
2739,20.1667,0
2740,20.1667,0
2741,12.5833,0
2742,4.0,0
2743,17.6667,0
2744,17.5833,0
2745,12.6667,0
2746,5.0833,0
2747,12.5833,0
2748,17.5833,0
2749,17.6667,0
2750,12.5833,0
2751,10.0833,0
2752,10.0833,0
2753,15.0833,0
2754,2.5,0
2755,12.5833,0
2756,12.5,0
2757,22.5833,0
2758,12.5833,0
2759,15.1667,0
2760,21.0833,0
2761,15.0,0
2762,12.5833,0
2763,17.5,0
2764,10.0833,0
2765,12.5833,0
2766,12.5833,0
2767,12.5833,0
2768,12.5833,0
2769,15.0833,0
2770,20.1667,0
2771,12.6667,0
2772,12.5,0
2773,20.0833,0
2774,17.5833,0
2775,16.75,0
2776,12.6667,0
2777,21.8333,0
2778,20.1667,0
2779,12.5833,0
2780,15.1667,0
2781,20.1667,0
2782,12.5,0
2783,25.0833,0
2784,17.6667,0
2785,20.1667,0
2786,12.5,0
2787,7.5,0
2788,15.0833,0
2789,17.5833,0
2790,18.5,0
2791,12.5833,0
2792,10.0833,0
2793,15.0833,0
2794,12.5833,0
2795,12.5833,0
2796,20.0833,0
2797,15.0833,0
2798,12.5833,0
2799,17.5833,0
2800,12.5833,0
2801,20.1667,0
2802,17.6667,0
2803,10.0,0
2804,10.0,0
2805,12.5833,0
2806,10.0833,0
2807,17.5833,0
2808,20.0833,0
2809,12.5833,0
2810,15.0833,0
2811,15.1667,0
2812,15.0833,0
2813,20.1667,0
2814,15.0833,0
2815,6.0833,0
2816,20.1667,0
2817,10.0833,0
2818,15.1667,0
2819,12.6667,0
2820,15.0,0
2821,10.0833,0
2822,14.25,0
2823,12.5833,0
2824,20.1667,0
2825,15.0833,0
2826,17.5833,0
2827,17.5833,0
2828,15.0833,0
2829,20.1667,0
2830,10.0833,0
2831,10.0833,0
2832,15.1667,0
2833,20.0833,0
2834,21.75,0
2835,17.6667,0
2836,20.1667,0
2837,12.5,0
2838,12.5,0
2839,12.5833,0
2840,20.1667,0
2841,15.0833,0
2842,12.5833,0
2843,12.6667,0
2844,7.5833,0
2845,12.5833,0
2846,5.0833,0
2847,10.0833,0
2848,17.6667,0
2849,12.5833,0
2850,20.0833,0
2851,20.1667,0
2852,22.6667,0
2853,12.5833,0
2854,15.0833,0
2855,12.5833,0
2856,20.0833,0
2857,15.0833,0
2858,12.5833,0
2859,20.1667,0
2860,17.5833,0
2861,15.0,0
2862,15.0833,0
2863,21.8333,0
2864,18.4167,0
2865,10.0833,0
2866,20.1667,0
2867,10.0833,0
2868,17.5833,0
2869,12.6667,0
2870,12.5833,0
2871,30.25,0
2872,12.5833,0
2873,20.1667,0
2874,16.5833,0
2875,10.0833,0
2876,14.6667,0
2877,15.0833,0
2878,15.0833,0
2879,15.0833,0
2880,15.0833,0
2881,12.6667,0
2882,5.0,0
2883,17.5833,0
2884,17.6667,0
2885,15.0,0
2886,12.5833,0
2887,15.0,0
2888,16.75,0
2889,15.0833,0
2890,17.5833,0
2891,6.5833,0
2892,6.0,0
2893,12.5833,0
2894,20.0833,0
2895,16.0,0
2896,20.0833,0
2897,17.5833,0
2898,17.5833,0
2899,15.1667,0
2900,10.9167,0
2901,12.6667,0
2902,20.1667,0
2903,15.0833,0
2904,13.4167,0
2905,15.0833,0
2906,12.5833,0
2907,10.0833,0
2908,20.1667,0
2909,15.0833,0
2910,20.1667,0
2911,7.5833,0
2912,12.5833,0
2913,20.0833,0
2914,15.0833,0
2915,12.6667,0
2916,12.5833,0
2917,20.1667,0
2918,12.5833,0
2919,25.25,0
2920,22.6667,0
2921,7.5833,0
2922,12.5833,0
2923,14.25,0
2924,20.1667,0
2925,20.0833,0
2926,15.1667,0
2927,12.5833,0
2928,20.0833,0
2929,17.5833,0
2930,2.0833,0
2931,17.5833,0
2932,12.5833,0
2933,15.0833,0
2934,12.6667,0
2935,17.5833,0
2936,12.5833,0
2937,10.0833,0
2938,12.5833,0
2939,15.0833,0
2940,10.0833,0
2941,15.0,0
2942,15.9167,0
2943,20.0833,0
2944,30.0833,0
2945,20.1667,0
2946,15.0,0
2947,12.5833,0
2948,15.1667,0
2949,20.0833,0
2950,20.0833,0
2951,15.8333,0
2952,15.1667,0
2953,17.6667,0
2954,15.0833,0
2955,15.1667,0
2956,10.5833,0
2957,17.6667,0
2958,17.5833,0
2959,17.5833,0
2960,10.0833,0
2961,15.0833,0
2962,13.4167,0
2963,12.5833,0
2964,20.1667,0
2965,10.0833,0
2966,19.3333,0
2967,15.1667,0
2968,17.5833,0
2969,5.0,0
2970,12.5,0
2971,17.5833,0
2972,15.1667,0
2973,5.0,0
2974,10.0833,0
2975,15.1667,0
2976,15.0,0
2977,15.0833,0
2978,15.0833,0
2979,15.0833,0
2980,17.5833,0
2981,12.5,0
2982,12.6667,0
2983,15.0833,0
2984,15.0,0
2985,7.5833,0
2986,12.6667,0
2987,20.0833,0
2988,14.25,0
2989,15.0833,0
2990,12.5,0
2991,12.5833,0
2992,12.6667,0
2993,19.1667,0
2994,5.0,0
2995,12.5833,0
2996,20.0833,0
2997,12.5833,0
2998,17.5833,0
2999,10.0833,0
3000,15.0833,0
3001,15.0833,0
3002,10.0833,0
3003,12.5833,0
3004,12.5833,0
3005,15.0833,0
3006,12.6667,0
3007,12.5833,0
3008,12.5833,0
3009,12.5833,0
3010,12.5833,0
3011,15.0833,0
3012,12.5,0
3013,12.6667,0
3014,12.5833,0
3015,12.5833,0
3016,12.5833,0
3017,15.0833,0
3018,17.5,0
3019,17.5833,0
3020,14.25,0
3021,17.6667,0
3022,17.5833,0
3023,10.0833,0
3024,20.0833,0
3025,12.5833,0
3026,20.1667,0
3027,15.0833,0
3028,15.0,0
3029,12.6667,0
3030,14.25,0
3031,12.5833,0
3032,13.5,0
3033,12.5833,0
3034,15.0833,0
3035,20.0833,0
3036,10.0833,0
3037,20.0833,0
3038,17.5833,0
3039,22.6667,0
3040,12.5833,0
3041,12.5833,0
3042,15.0833,0
3043,18.4167,0
3044,10.0833,0
3045,20.1667,0
3046,12.5833,0
3047,17.5833,0
3048,17.5,0
3049,12.5,0
3050,12.5833,0
3051,17.6667,0
3052,15.0833,0
3053,12.5,0
3054,18.4167,0
3055,15.0833,0
3056,17.5833,0
3057,7.5833,0
3058,10.8333,0
3059,12.5,0
3060,5.0,0
3061,15.0833,0
3062,15.0833,0
3063,17.5833,0
3064,12.5833,0
3065,15.0,0
3066,14.25,0
3067,12.5833,0
3068,20.0833,0
3069,22.5833,0
3070,15.0833,0
3071,10.0833,0
3072,12.6667,0
3073,2.5,0
3074,13.5,0
3075,10.0833,0
3076,20.0833,0
3077,12.5833,0
3078,12.5833,0
3079,9.0833,0
3080,20.0833,0
3081,10.0,0
3082,17.6667,0
3083,12.5833,0
3084,15.1667,0
3085,15.9167,0
3086,12.5833,0
3087,17.6667,0
3088,13.5833,0
3089,15.0833,0
3090,15.0833,0
3091,12.5,0
3092,18.5,0
3093,12.5833,0
3094,20.0833,0
3095,15.0,0
3096,13.5,0
3097,12.5833,0
3098,12.6667,0
3099,17.5833,0
3100,10.0833,0
3101,15.0,0
3102,12.5833,0
3103,20.0833,0
3104,12.5833,0
3105,17.5833,0
3106,15.0833,0
3107,15.0833,0
3108,17.5833,0
3109,15.0833,0
3110,16.8333,0
3111,17.5833,0
3112,17.5833,0
3113,20.1667,0
3114,20.0833,0
3115,15.0833,0
3116,20.0833,0
3117,20.0833,0
3118,12.5833,0
3119,12.5,0
3120,20.0833,0
3121,16.6667,0
3122,12.5,0
3123,12.5833,0
3124,12.5833,0
3125,12.6667,0
3126,12.5,0
3127,15.0,0
3128,7.5833,0
3129,5.0,0
3130,10.0833,0
3131,20.1667,0
3132,10.0,0
3133,12.5833,0
3134,18.4167,0
3135,17.6667,0
3136,10.0833,0
3137,10.0833,0
3138,12.5833,0
3139,15.1667,0
3140,2.5,0
3141,2.5,0
3142,20.1667,0
3143,16.8333,0
3144,12.5,0
3145,15.0833,0
3146,12.5,0
3147,12.5,0
3148,15.1667,0
3149,15.1667,0
3150,20.1667,0
3151,15.1667,0
3152,40.3333,0
3153,5.0833,0
3154,10.0833,0
3155,17.5,0
3156,15.1667,0
3157,37.6667,0
3158,20.0833,0
3159,12.5833,0
3160,10.0,0
3161,15.0,0
3162,21.0,0
3163,17.5833,0
3164,12.5833,0
3165,20.1667,0
3166,17.5833,0
3167,12.6667,0
3168,17.5833,0
3169,12.5,0
3170,12.5833,0
3171,12.5833,0
3172,17.5833,0
3173,12.6667,0
3174,2.5,0
3175,12.5,0
3176,15.9167,0
3177,17.6667,0
3178,17.6667,0
3179,12.6667,0
3180,12.5833,0
3181,20.1667,0
3182,15.0833,0
3183,12.5833,0
3184,17.5833,0
3185,16.75,0
3186,2.0,0
3187,15.0833,0
3188,20.0833,0
3189,21.75,0
3190,15.1667,0
3191,12.0833,0
3192,15.0,0
3193,15.0833,0
3194,12.5833,0
3195,13.0833,0
3196,10.0833,0
3197,15.0833,0
3198,19.25,0
3199,12.5833,0
3200,15.0833,0
3201,10.0833,0
3202,17.5833,0
3203,17.6667,0
3204,17.6667,0
3205,14.0833,0
3206,12.6667,0
3207,20.0833,0
3208,15.0833,0
3209,15.1667,0
3210,15.0,0
3211,10.0833,0
3212,12.5833,0
3213,15.1667,0
3214,12.5833,0
3215,7.5833,0
3216,12.6667,0
3217,2.5,0
3218,32.5833,0
3219,17.5833,0
3220,17.6667,0
3221,12.5833,0
3222,12.5,0
3223,15.0833,0
3224,15.0833,0
3225,12.5,0
3226,12.5833,0
3227,20.0833,0
3228,20.0833,0
3229,12.5,0
3230,18.5,0
3231,20.0,0
3232,15.9167,0
3233,12.6667,0
3234,20.0833,0
3235,10.0833,0
3236,12.5833,0
3237,15.0,0
3238,15.0833,0
3239,10.0833,0
3240,20.1667,0
3241,12.5833,0
3242,12.5833,0
3243,20.1667,0
3244,25.1667,0
3245,20.1667,0
3246,12.6667,0
3247,20.1667,0
3248,15.0833,0
3249,20.0833,0
3250,19.5833,0
3251,17.6667,0
3252,17.6667,0
3253,12.5,0
3254,12.5833,0
3255,12.5833,0
3256,15.1667,0
3257,5.0833,0
3258,12.5833,0
3259,11.75,0
3260,15.0833,0
3261,12.0833,0
3262,15.0833,0
3263,12.5,0
3264,12.5833,0
3265,12.5833,0
3266,12.5833,0
3267,12.5833,0
3268,12.5833,0
3269,17.6667,0
3270,17.5833,0
3271,20.1667,0
3272,17.6667,0
3273,12.6667,0
3274,15.0833,0
3275,10.0833,0
3276,15.0833,0
3277,12.5833,0
3278,15.0833,0
3279,15.0833,0
3280,16.8333,0
3281,20.1667,0
3282,5.0,0
3283,12.5833,0
3284,15.0833,0
3285,12.5833,0
3286,12.5833,0
3287,28.5833,0
3288,12.5833,0
3289,17.5833,0
3290,5.0,0
3291,15.1667,0
3292,12.5833,0
3293,17.5833,0
3294,12.5,0
3295,16.75,0
3296,12.5,0
3297,15.1667,0
3298,15.0833,0
3299,14.25,0
3300,15.1667,0
3301,20.1667,0
3302,10.0833,0
3303,12.5833,0
3304,17.6667,0
3305,12.5833,0
3306,15.0833,0
3307,15.1667,0
3308,10.0,0
3309,7.5,0
3310,15.1667,0
3311,12.5833,0
3312,20.1667,0
3313,17.5833,0
3314,20.1667,0
3315,20.0833,0
3316,15.0833,0
3317,13.5,0
3318,20.1667,0
3319,15.0833,0
3320,17.6667,0
3321,12.5833,0
3322,17.5833,0
3323,17.6667,0
3324,27.75,0
3325,15.0833,0
3326,12.6667,0
3327,12.5833,0
3328,20.1667,0
3329,17.6667,0
3330,20.1667,0
3331,12.5833,0
3332,15.0833,0
3333,15.1667,0
3334,20.1667,0
3335,12.5833,0
3336,20.1667,0
3337,20.0833,0
3338,15.0833,0
3339,15.0833,0
3340,15.0833,0
3341,20.1667,0
3342,20.1667,0
3343,20.0,0
3344,17.5833,0
3345,15.1667,0
3346,12.5833,0
3347,15.0833,0
3348,15.0833,0
3349,12.5,0
3350,16.75,0
3351,16.0833,0
3352,12.5833,0
3353,10.0,0
3354,12.5833,0
3355,12.6667,0
3356,17.6667,0
3357,10.0833,0
3358,15.0,0
3359,11.5833,0
3360,20.0833,0
3361,15.1667,0
3362,16.8333,0
3363,10.0833,0
3364,18.4167,0
3365,17.5833,0
3366,17.6667,0
3367,18.3333,0
3368,16.0,0
3369,10.0833,0
3370,15.0833,0
3371,2.5,0
3372,15.1667,0
3373,12.5833,0
3374,7.5,0
3375,12.6667,0
3376,12.5833,0
3377,20.1667,0
3378,14.0833,0
3379,2.5833,0
3380,10.0833,0
3381,14.1667,0
3382,12.6667,0
3383,20.1667,0
3384,12.5833,0
3385,20.9167,0
3386,20.0833,0
3387,12.0833,0
3388,19.3333,0
3389,22.5833,0
3390,12.5833,0
3391,10.0,0
3392,12.5833,0
3393,20.0833,0
3394,20.0833,0
3395,12.5833,0
3396,17.5833,0
3397,17.5833,0
3398,10.0833,0
3399,12.5833,0
3400,10.0833,0
3401,15.0833,0
3402,12.5833,0
3403,15.0833,0
3404,15.0833,0
3405,17.5833,0
3406,10.0833,0
3407,20.1667,0
3408,12.5833,0
3409,12.6667,0
3410,12.6667,0
3411,17.5833,0
3412,18.4167,0
3413,12.6667,0
3414,18.4167,0
3415,17.5833,0
3416,15.0833,0
3417,12.6667,0
3418,22.6667,0
3419,14.1667,0
3420,15.0833,0
3421,20.1667,0
3422,12.5833,0
3423,15.0833,0
3424,22.6667,0
3425,20.1667,0
3426,17.6667,0
3427,20.0833,0
3428,15.1667,0
3429,20.0833,0
3430,20.1667,0
3431,12.5833,0
3432,12.5,0
3433,10.0833,0
3434,17.5833,0
3435,20.1667,0
3436,12.5,0
3437,20.0833,0
3438,17.5833,0
3439,12.5833,0
3440,15.0833,0
3441,14.1667,0
3442,20.1667,0
3443,12.5833,0
3444,15.0833,0
3445,12.5833,0
3446,17.6667,0
3447,12.5833,0
3448,6.6667,0
3449,17.5833,0
3450,15.0833,0
3451,19.0833,0
3452,12.5833,0
3453,12.5833,0
3454,15.1667,0
3455,17.5833,0
3456,12.5,0
3457,12.5,0
3458,17.6667,0
3459,15.1667,0
3460,10.0833,0
3461,17.5833,0
3462,22.6667,0
3463,10.0,0
3464,17.6667,0
3465,12.5833,0
3466,13.5,0
3467,37.75,0
3468,17.5833,0
3469,19.25,0
3470,17.6667,0
3471,7.5833,0
3472,15.1667,0
3473,12.5833,0
3474,12.5833,0
3475,12.6667,0
3476,12.5833,0
3477,12.5833,0
3478,16.0,0
3479,10.0,0
3480,17.6667,0
3481,25.25,0
3482,17.6667,0
3483,15.0833,0
3484,15.0833,0
3485,17.6667,0
3486,15.0833,0
3487,12.5833,0
3488,19.0833,0
3489,15.0833,0
3490,17.6667,0
3491,12.6667,0
3492,5.0,0
3493,17.5833,0
3494,19.3333,0
3495,17.6667,0
3496,17.6667,0
3497,15.0833,0
3498,17.5833,0
3499,15.0833,0
3500,12.5833,0
3501,12.5833,0
3502,15.0833,0
3503,10.0,0
3504,17.6667,0
3505,15.0833,0
3506,20.0833,0
3507,20.0833,0
3508,17.6667,0
3509,17.6667,0
3510,12.5833,0
3511,17.6667,0
3512,7.0833,0
3513,15.0833,0
3514,10.0833,0
3515,17.5,0
3516,12.5833,0
3517,20.1667,0
3518,15.0833,0
3519,15.0,0
3520,10.0833,0
3521,12.5833,0
3522,15.0833,0
3523,17.1667,0
3524,12.5833,0
3525,10.9167,0
3526,10.0833,0
3527,20.1667,0
3528,12.5833,0
3529,10.0833,0
3530,15.1667,0
3531,20.1667,0
3532,20.1667,0
3533,12.5,0
3534,12.5833,0
3535,15.0833,0
3536,12.5833,0
3537,17.5833,0
3538,17.5833,0
3539,20.1667,0
3540,12.5833,0
3541,12.5833,0
3542,15.0833,0
3543,15.1667,0
3544,14.25,0
3545,15.1667,0
3546,20.0833,0
3547,10.0,0
3548,12.5833,0
3549,20.0833,0
3550,17.6667,0
3551,15.1667,0
3552,20.1667,0
3553,12.5833,0
3554,12.5833,0
3555,12.5833,0
3556,12.5,0
3557,14.5833,0
3558,15.0833,0
3559,12.6667,0
3560,20.1667,0
3561,12.5,0
3562,20.1667,0
3563,17.5833,0
3564,12.5833,0
3565,20.9167,0
3566,13.0,0
3567,20.0833,0
3568,20.1667,0
3569,20.0833,0
3570,20.0833,0
3571,9.0833,0
3572,20.0833,0
3573,15.0833,0
3574,15.0833,0
3575,17.5833,0
3576,12.5,0
3577,17.5833,0
3578,15.0833,0
3579,12.5833,0
3580,15.0833,0
3581,15.0833,0
3582,12.5,0
3583,22.75,0
3584,15.0833,0
3585,15.0,0
3586,20.0833,0
3587,10.0833,0
3588,17.6667,0
3589,20.0833,0
3590,17.6667,0
3591,15.0833,0
3592,12.6667,0
3593,20.0833,0
3594,15.0833,0
3595,12.5833,0
3596,15.0,0
3597,12.5833,0
3598,17.5833,0
3599,15.0833,0
3600,12.5,0
3601,20.1667,0
3602,10.0,0
3603,17.5833,0
3604,16.0,0
3605,12.5833,0
3606,12.5833,0
3607,12.5833,0
3608,17.5833,0
3609,17.5,0
3610,16.75,0
3611,17.6667,0
3612,10.5833,0
3613,17.5833,0
3614,15.0833,0
3615,15.0833,0
3616,12.5,0
3617,12.5833,0
3618,20.1667,0
3619,10.5,0
3620,12.5833,0
3621,20.0,0
3622,7.5833,0
3623,22.5833,0
3624,15.1667,0
3625,12.5,0
3626,21.8333,0
3627,12.5833,0
3628,12.5,0
3629,15.0833,0
3630,10.0833,0
3631,12.5833,0
3632,12.5,0
3633,15.0833,0
3634,12.5833,0
3635,5.0,0
3636,17.5833,0
3637,12.5833,0
3638,10.0,0
3639,12.5833,0
3640,20.0833,0
3641,19.25,0
3642,20.1667,0
3643,20.0833,0
3644,15.0833,0
3645,23.6667,0
3646,10.0833,0
3647,16.0,0
3648,20.1667,0
3649,12.5833,0
3650,15.1667,0
3651,10.0833,0
3652,15.0833,0
3653,17.6667,0
3654,17.5,0
3655,12.6667,0
3656,22.6667,0
3657,12.5833,0
3658,15.0833,0
3659,15.1667,0
3660,20.1667,0
3661,17.5833,0
3662,10.0833,0
3663,17.5833,0
3664,12.5833,0
3665,15.0833,0
3666,12.5833,0
3667,10.0833,0
3668,15.0833,0
3669,15.1667,0
3670,13.4167,0
3671,20.0833,0
3672,12.5833,0
3673,15.0833,0
3674,17.5833,0
3675,17.5833,0
3676,12.5833,0
3677,20.0833,0
3678,17.6667,0
3679,20.1667,0
3680,12.5833,0
3681,20.1667,0
3682,15.0833,0
3683,20.1667,0
3684,10.5,0
3685,10.0,0
3686,12.5,0
3687,10.5833,0
3688,10.0833,0
3689,20.1667,0
3690,10.9167,0
3691,12.5833,0
3692,12.5833,0
3693,10.0833,0
3694,20.1667,0
3695,2.5,0
3696,10.0,0
3697,15.1667,0
3698,15.1667,0
3699,14.6667,0
3700,15.0833,0
3701,16.0,0
3702,15.0833,0
3703,17.6667,0
3704,19.1667,0
3705,12.5833,0
3706,15.0833,0
3707,17.6667,0
3708,15.0833,0
3709,15.1667,0
3710,10.0833,0
3711,13.5,0
3712,17.5833,0
3713,12.5833,0
3714,20.9167,0
3715,32.75,0
3716,12.5,0
3717,7.5833,0
3718,20.0833,0
3719,17.0833,0
3720,13.0,0
3721,17.5833,0
3722,12.5833,0
3723,17.0833,0
3724,10.0,0
3725,15.0833,0
3726,15.0833,0
3727,12.6667,0
3728,15.0833,0
3729,15.0833,0
3730,12.5833,0
3731,10.0,0
3732,14.0833,0
3733,17.6667,0
3734,22.6667,0
3735,20.9167,0
3736,5.9167,0
3737,10.0,0
3738,17.6667,0
3739,12.6667,0
3740,12.5833,0
3741,15.0833,0
3742,20.0833,0
3743,15.1667,0
3744,17.5,0
3745,5.0833,0
3746,20.1667,0
3747,17.5833,0
3748,15.1667,0
3749,12.5,0
3750,22.6667,0
3751,15.1667,0
3752,37.75,0
3753,12.5833,0
3754,6.75,0
3755,15.1667,0
3756,15.1667,0
3757,15.1667,0
3758,5.0833,0
3759,12.5833,0
3760,17.6667,0
3761,12.5833,0
3762,15.0,0
3763,20.1667,0
3764,11.0833,0
3765,15.0833,0
3766,15.0833,0
3767,12.5833,0
3768,15.1667,0
3769,17.5833,0
3770,20.1667,0
3771,10.0833,0
3772,15.1667,0
3773,20.1667,0
3774,15.1667,0
3775,15.1667,0
3776,12.5833,0
3777,17.5833,0
3778,15.0833,0
3779,12.5833,0
3780,12.5833,0
3781,12.5,0
3782,17.6667,0
3783,11.75,0
3784,12.5833,0
3785,15.0,0
3786,17.6667,0
3787,15.1667,0
3788,20.1667,0
3789,10.0,0
3790,13.4167,0
3791,17.6667,0
3792,17.5833,0
3793,13.4167,0
3794,15.1667,0
3795,17.5833,0
3796,12.5833,0
3797,17.5833,0
3798,12.5,0
3799,17.5833,0
3800,15.0833,0
3801,10.0833,0
3802,12.5833,0
3803,20.0833,0
3804,16.0,0
3805,15.0,0
3806,20.0833,0
3807,10.0833,0
3808,20.0833,0
3809,20.1667,0
3810,17.6667,0
3811,17.6667,0
3812,20.0833,0
3813,15.1667,0
3814,17.6667,0
3815,14.1667,0
3816,12.6667,0
3817,14.25,0
3818,17.6667,0
3819,10.0833,0
3820,20.0833,0
3821,15.0,0
3822,12.5833,0
3823,10.0833,0
3824,15.0833,0
3825,20.0833,0
3826,15.0833,0
3827,14.6667,0
3828,13.5,0
3829,20.0833,0
3830,20.1667,0
3831,7.5,0
3832,10.0,0
3833,15.1667,0
3834,10.0833,0
3835,12.5833,0
3836,16.0,0
3837,17.6667,0
3838,17.5833,0
3839,12.5833,0
3840,15.1667,0
3841,12.5833,0
3842,22.6667,0
3843,17.6667,0
3844,12.5833,0
3845,15.0833,0
3846,12.5833,0
3847,13.5,0
3848,12.5,0
3849,12.5833,0
3850,15.0833,0
3851,12.5833,0
3852,15.0833,0
3853,17.5833,0
3854,17.5833,0
3855,15.0833,0
3856,15.0833,0
3857,17.5833,0
3858,15.1667,0
3859,15.1667,0
3860,15.0833,0
3861,7.5833,0
3862,15.0833,0
3863,15.0833,0
3864,22.5833,0
3865,20.1667,0
3866,15.0833,0
3867,17.6667,0
3868,15.0833,0
3869,12.5833,0
3870,20.1667,0
3871,10.0,0
3872,14.6667,0
3873,12.5833,0
3874,17.6667,0
3875,12.5833,0
3876,12.5833,0
3877,27.75,0
3878,12.5833,0
3879,15.0833,0
3880,20.0833,0
3881,20.9167,0
3882,15.1667,0
3883,15.0833,0
3884,12.5833,0
3885,20.1667,0
3886,20.0833,0
3887,15.0,0
3888,12.5,0
3889,17.5833,0
3890,12.5,0
3891,17.6667,0
3892,17.6667,0
3893,15.0,0
3894,12.5833,0
3895,17.5,0
3896,22.5833,0
3897,17.5833,0
3898,15.0833,0
3899,20.0833,0
3900,22.75,0
3901,9.25,0
3902,5.0,0
3903,12.5,0
3904,17.5833,0
3905,20.1667,0
3906,2.5833,0
3907,65.5,0
