,0,1,2,3,4,5,6,7,8,9,10
0,2366151,2893280,2249581,95381,3509123,1963387,160595,3345236,1929520,4066246,0
1,2602503,3212342,2460636,104041,3875230,2132488,172960,3707799,2139713,4505288,0
2,1813012,2255319,1814091,74710,2794839,1564287,131352,2664798,1488705,3168387,0
3,1780971,2176474,1759107,73098,2667897,1518713,126636,2560506,1452794,3051304,0
4,2626659,3232013,2467292,105452,3851110,2135294,171577,3653656,2141030,4448417,0
5,2661258,3304997,2483913,109788,3922407,2150953,176510,3713498,2174737,4571939,0
6,1819368,2262538,1813022,72322,2828557,1556516,131138,2677649,1506370,3210520,0
7,1728938,2132519,1748071,68812,2667297,1491739,123231,2514955,1421005,2990933,0
8,2442798,3007095,2318735,97788,3600500,1994530,161172,3389565,1996188,4151129,0
9,2619270,3227901,2469434,103422,3857292,2136511,172604,3647317,2142610,4473639,0
10,1893985,2330719,1851762,75696,2825649,1603073,133068,2700565,1549648,3253335,0
11,1736059,2137532,1753728,68862,2609042,1503402,122837,2507915,1435731,2952892,0
12,2513764,3117426,2368329,97430,3663800,2038297,162840,3481026,2071870,4274718,0
13,2577124,3193743,2422241,102600,3797502,2083797,167846,3576501,2112967,4413179,0
14,1727201,2187404,1713709,69547,2704332,1467304,126078,2540260,1430602,3113563,0
15,860255,1276985,702428,38601,1582986,574766,68654,1398430,723327,2230568,1
16,1248473,1554606,1273439,48577,1929083,1094486,92519,1847795,1034156,2179366,0
17,2589201,3253098,2456360,101766,3939766,2116870,177716,3718007,2121132,4544084,0
18,1802084,2272377,1794144,71683,2877413,1542700,134774,2712711,1480578,3256036,0
19,1700227,2128534,1704303,66449,2684591,1468243,125980,2542780,1403332,3038561,0
20,2443100,3027697,2334809,97994,3708667,2025705,164028,3496006,1994770,4227224,0
21,2610746,3199604,2485761,109055,3869852,2147196,170719,3655700,2127466,4410901,0
22,1854803,2283975,1873797,76675,2855840,1607763,131758,2738163,1530888,3186838,0
23,1593838,2006465,1632955,67686,2557954,1392613,118065,2416060,1318093,2891271,0
24,2556433,3222996,2397967,107877,3903286,2061219,170349,3711287,2098041,4568045,0
25,1813466,2279702,1798612,79575,2864774,1542930,129239,2703878,1483994,3276330,0
26,1735626,2137612,1756358,72438,2714802,1501328,122965,2579219,1430941,3056711,0
27,1581816,1948422,1607120,66896,2477402,1382968,113563,2355140,1296427,2787246,0
28,1846782,2294851,1841587,77773,2905798,1585099,131566,2735534,1529140,3297370,0
29,1651383,2061767,1672966,66504,2586000,1436318,120376,2460378,1366517,2929791,0
30,2452577,3060501,2297003,100802,3691591,1974011,162862,3493943,2021093,4353117,0
31,2648898,3295086,2459809,107479,3932011,2122730,170522,3705440,2177108,4615917,0
32,1861268,2340957,1826543,77432,2916529,1566988,131452,2744197,1541099,3386035,0
33,1755422,2171785,1732606,76566,2745655,1491406,125156,2584043,1442698,3147163,0
34,2405508,2987352,2261873,101138,3646473,1945311,161533,3423544,1975622,4244146,0
35,2521313,3159734,2355232,108339,3856757,2018452,169547,3613338,2068194,4559094,0
36,1904382,2351994,1839863,81064,2846416,1583442,133248,2704876,1566486,3321229,0
37,1732851,2150090,1693705,75489,2636735,1470516,120631,2509734,1427578,3052671,0
38,2405666,3000863,2248705,102089,3615281,1959089,161152,3401484,1971903,4216268,0
39,2585786,3268743,2375654,105949,3835096,2058756,167572,3625565,2138621,4572758,0
40,1808149,2298867,1763177,74283,2809514,1514836,130587,2649693,1497721,3250673,0
41,2445921,3061951,2267232,96930,3636651,1954926,163061,3444221,2011024,4305083,0
42,2592342,3293311,2398179,104093,3905293,2053572,175389,3681272,2136440,4632609,0
43,1389294,1772726,1399743,55787,2242193,1197489,108365,2120243,1162683,2621477,0
44,2397731,3122637,2251833,98917,3800331,1916802,172757,3535239,1961681,4479072,0
45,1609522,2128419,1613960,68652,2754588,1362249,134558,2578668,1338210,3193674,0
46,2003880,2605515,1904105,82311,3228378,1614593,150391,3015145,1644202,3816980,0
47,1593642,2034692,1600580,64533,2550559,1374006,126551,2405107,1316113,2936217,0
48,1742151,2165826,1711262,68988,2661293,1480011,127680,2523081,1415241,3054967,0
49,2554780,3186388,2413621,101507,3857829,2107873,172513,3651328,2083360,4447801,0
50,2556012,3147489,2422342,100585,3820277,2111973,172762,3628362,2078381,4402317,0
51,1865295,2323230,1841751,73594,2885989,1591596,137088,2753613,1526064,3296280,0
52,1699985,2114966,1691366,67499,2640958,1489107,127704,2527094,1391925,3014396,0
53,2434784,3029948,2287086,95861,3636783,1999672,166233,3457943,1980174,4239016,0
54,2576971,3240154,2393670,100740,3892262,2079052,176527,3671762,2092082,4556780,0
55,1829215,2336912,1778167,73497,2912457,1539751,138344,2751796,1504207,3388154,0
56,1473684,1861817,1509271,59082,2400666,1304708,117201,2270989,1214565,2715517,0
57,1079188,1557453,1016430,69020,2242048,811380,108173,2008152,892572,2878584,1
58,1106646,1663304,1045287,57848,2360433,819651,115282,2085516,934753,3111280,1
59,2492900,3160050,2323359,99600,3819531,2006552,170798,3591192,2048227,4472791,0
60,1735743,2228485,1722151,70317,2821857,1467092,133674,2605687,1420020,3224974,0
61,1682610,2164595,1681434,68464,2718197,1429310,131351,2555855,1381466,3126718,0
62,2395792,3057994,2252489,97533,3759635,1927372,166843,3485766,1962041,4379535,0
63,2232697,2878357,2130660,89518,3520456,1822484,159244,3292665,1838237,4085682,0
64,550417,788093,428249,25990,987430,352210,39512,876403,444789,1369407,1
65,2843269,5031770,1818172,168934,6560145,1362704,232178,5468538,2367427,11446363,1
66,2505343,3158173,2373704,103227,3851241,2046071,168151,3634175,2059359,4471056,0
67,2532259,3200418,2412364,101127,3876565,2080042,171589,3635377,2068126,4464133,0
68,2411803,3102260,2256456,94232,3735161,1939908,166827,3498051,1977450,4390352,0
69,2538884,3247424,2374694,98261,3911491,2043417,172890,3662915,2081997,4560527,0
70,2527386,3209400,2340604,97075,3792679,2019879,168385,3564121,2084634,4468337,0
71,1893119,2412383,1876446,74921,2995837,1605813,138591,2838579,1567872,3408939,0
72,1634461,2057049,1665949,65357,2610784,1433876,126187,2486648,1358387,2948302,0
73,2569950,3238259,2409963,101058,3857773,2090664,172239,3641030,2105268,4488796,0
74,2622826,3293766,2451765,102090,3892471,2106130,177822,3677808,2153497,4581825,0
75,1717708,2105129,1708998,68379,2569439,1477278,125112,2470159,1407408,2933390,0
76,2452355,3027790,2317705,102052,3613207,2004806,165940,3431683,1998701,4178261,0
77,1336778,1642473,1375537,55657,2068257,1197199,101713,1995897,1096811,2314178,0
78,1226380,1658198,1108609,63175,2099028,933490,100354,1910808,1002158,2753300,1
79,2435469,3004076,2284215,98279,3556157,2001272,163385,3429338,1990346,4144463,0
80,1901542,2338179,1873649,77312,2888330,1638523,136646,2799040,1567474,3304805,0
81,1753598,2159590,1749267,72316,2688213,1524937,128758,2615778,1446012,3064031,0
82,2456240,3027599,2333143,99809,3626280,2039184,168578,3523698,2002772,4207697,0
83,2601512,3176783,2460143,105114,3797658,2148576,173315,3666304,2113983,4403612,0
84,1274018,1555151,1299733,53250,1983004,1129427,98597,1899860,1045779,2254181,0
85,913609,1576763,681037,92007,2285889,514924,88677,1886910,782012,3893672,1
86,970643,1198773,962360,41441,1490498,830801,68818,1437504,794568,1696594,0
87,2538406,3172403,2414056,107729,3905717,2085825,178279,3704526,2063175,4504884,0
88,1643344,2087192,1668653,68065,2685223,1436815,129588,2557822,1352307,3048491,0
89,2415308,3060471,2277973,100823,3734249,1982206,170279,3566045,1980979,4354167,0
90,2554800,3168707,2395425,106394,3766878,2092194,170406,3654346,2088240,4390610,0
91,1813180,2216166,1771277,79159,2692794,1539117,124392,2603818,1485738,3076359,0
92,2623607,3228267,2440431,110169,3812917,2141214,173066,3658609,2142603,4466617,0
93,2589682,3175379,2439291,109302,3760789,2124643,171821,3642753,2112980,4355860,0
94,1880375,2296373,1839247,82409,2825965,1610255,134856,2728198,1531929,3235393,0
95,1739144,2127337,1728652,75748,2631568,1496566,126641,2530808,1413724,2992812,0
96,2479699,3020541,2355903,104332,3633553,2052253,166132,3452303,2006861,4178423,0
97,2629710,3221954,2471643,110104,3832963,2137236,172769,3640303,2119329,4408989,0
98,2659687,3270088,2476009,110438,3853882,2149175,171980,3661915,2166101,4488225,0
99,1784755,2175898,1790241,76498,2698391,1544844,129499,2596249,1460675,3032950,0
100,1774942,2166927,1785762,74925,2694237,1529773,129383,2567491,1439799,3028761,0
101,1266121,1544382,1302242,53946,1961975,1129423,94036,1890602,1038529,2178744,0
102,1102743,1397256,1011486,40074,1653855,884289,76363,1565284,915666,2010484,1
103,2638007,3289740,2467228,109786,3947486,2114931,175682,3696436,2156247,4586957,0
104,914615,1160223,890479,39577,1429137,756167,67661,1350967,743268,1660406,0
105,2459216,4160017,1583904,189378,5526059,1201747,168390,4558696,2074084,9561009,1
106,2588074,3279226,2418551,105464,3934865,2077500,172363,3711455,2122227,4608275,0
107,1804828,2248183,1804172,73511,2771628,1535736,130520,2631589,1486786,3160047,0
108,1832358,2292042,1826704,74970,2829567,1568372,132832,2699313,1487526,3221816,0
109,1749243,2168302,1759601,72596,2681201,1509406,128098,2556931,1427462,3027160,0
110,2425860,3040279,2323394,102280,3694105,1985765,163248,3468496,1978091,4233482,0
111,2599380,3225075,2475845,106371,3841086,2119752,172404,3643036,2123400,4410651,0
112,2606666,3222386,2468450,104738,3882891,2122980,170859,3683020,2136185,4469325,0
113,1863785,2308301,1860931,76572,2860400,1594981,132056,2699725,1522361,3228388,0
114,1647875,2061857,1691925,66827,2618317,1442681,124953,2477409,1356509,2937147,0
115,2495812,3102300,2343802,99223,3703199,2021699,166291,3485371,2039171,4315132,0
116,2584755,3205180,2441635,103223,3836408,2108251,171571,3621998,2110456,4432023,0
117,1874219,2319611,1864774,74472,2873763,1586099,133433,2709475,1538820,3267334,0
118,1755567,2193333,1765171,70513,2702467,1511665,127006,2581326,1453021,3077431,0
119,2407038,3007476,2289948,94322,3593911,1963859,162015,3379391,1968027,4157013,0
120,2629155,3237466,2450916,103521,3848526,2133967,174928,3652546,2137427,4464048,0
121,1850873,2330840,1832122,75466,2895631,1566811,136050,2734455,1523139,3307113,0
122,1723781,2197758,1712463,68794,2717296,1472139,129539,2577099,1429110,3122021,0
123,1337760,1662721,1386208,56204,2112022,1187549,104464,2042756,1107319,2355497,0
124,1044142,1365439,935558,38337,1591126,805802,74537,1488168,871482,1987909,1
125,2635942,3264803,2453247,108926,3877515,2114281,175279,3672404,2155926,4538677,0
126,1850414,2351962,1840176,78293,2965215,1561390,140877,2794543,1521815,3403315,0
127,1632129,2127086,1614128,71653,2727887,1359008,136023,2563764,1346265,3222057,0
128,2422076,3179882,2198381,105280,3893159,1868317,180160,3646427,1998021,4770297,0
129,2519679,3191932,2320691,108942,3841191,1993965,175154,3602619,2055099,4550728,0
130,1853951,2357131,1811070,77935,2881522,1541449,133262,2733381,1529194,3333605,0
131,1704571,2155641,1698203,72583,2673356,1453618,128846,2543517,1412556,3090109,0
132,2476277,3098381,2317186,102984,3680970,1983769,166471,3503008,2029065,4354389,0
133,2623843,3285763,2422346,112983,3867914,2084212,174133,3685119,2150636,4590051,0
134,679593,897634,562704,24373,988853,488333,41240,933949,571776,1279545,1
135,1122885,1406584,1123883,49176,1772727,963362,84572,1680324,925771,2025216,0
136,1750663,2205754,1736212,76266,2750027,1491369,131277,2626846,1445741,3156345,0
137,2442689,3016662,2309901,106408,3660291,1993642,166682,3493685,1997984,4262056,0
138,2297469,2848014,2221615,99325,3497532,1901097,162620,3308309,1875304,4003215,0
139,628003,958061,490655,32313,1248943,397200,49639,1101771,530751,1783164,1
140,916346,1490812,727672,64659,2081832,579039,90401,1817186,785103,3318950,1
141,688348,1010046,541115,33461,1229316,451864,49841,1102361,575439,1703209,1
142,1089604,1384222,1112280,48552,1766668,942812,85454,1692849,906954,2006105,0
143,2417625,3058470,2294651,102064,3732048,1954229,173018,3529865,1982003,4328527,0
144,2608214,3298392,2440513,110473,3943676,2095186,179865,3760233,2151632,4646816,0
145,1834984,2286135,1820765,75437,2826849,1566892,135665,2709404,1505177,3235692,0
146,1773880,2188203,1776852,73556,2752013,1538358,132330,2664085,1458905,3124318,0
147,2471882,3043148,2338480,101620,3671232,2037388,169137,3549770,2014674,4238169,0
148,2577494,3214434,2412474,105192,3816558,2086115,174762,3658009,2120902,4463560,0
149,1849306,2300639,1813351,76799,2849548,1566862,134758,2726218,1509044,3278975,0
150,1062634,1337418,1070747,43748,1686268,920815,81337,1611807,878431,1911795,0
151,835700,1284225,672742,39384,1639401,553112,70553,1441824,704375,2383684,1
152,2273156,2855552,2134530,92127,3444116,1839311,157985,3267375,1860775,4037573,0
153,1836902,2317204,1794286,77271,2867394,1546042,137458,2738339,1506355,3326249,0
154,1711687,2158933,1716097,71395,2693988,1471499,131313,2585568,1415120,3096400,0
155,2501681,3072488,2352821,102102,3672769,2034511,167897,3507057,2061470,4292204,0
156,2591968,3215755,2426685,115267,3887603,2098221,177353,3723391,2105966,4570791,0
157,1777685,2227658,1776428,77117,2848009,1528892,136954,2710686,1451510,3245061,0
158,1697323,2106815,1705844,72868,2690033,1455897,129690,2552471,1396197,3045362,0
159,2522240,3095668,2388848,110366,3780821,2049996,170279,3561579,2061163,4381040,0
160,1718920,2134181,1764847,73974,2719559,1505042,128763,2581685,1410658,3031871,0
161,2439743,3004402,2317407,107021,3671078,1990289,164650,3438501,1982120,4222789,0
162,1721503,2096351,1751763,75164,2672196,1503432,130029,2556488,1394828,2975246,0
163,2488036,3046603,2367162,103605,3664835,2040041,166579,3495995,2031574,4238070,0
164,2575810,3180116,2426868,106435,3804479,2107814,174095,3618221,2087382,4401280,0
165,1795881,2228527,1805563,76289,2863909,1543216,137933,2709470,1464719,3224493,0
166,1731459,2130241,1753087,73315,2707280,1508702,129048,2565841,1417458,3028569,0
167,2452077,3007268,2331442,103071,3684611,2019600,169306,3490561,1983521,4243543,0
168,1709162,2128048,1735275,74424,2720460,1486766,132078,2571039,1390154,3045094,0
169,2477700,3042085,2353854,104949,3689078,2042346,165392,3507577,2013217,4235802,0
170,2599322,3204719,2408607,106232,3787983,2107332,171180,3604075,2109138,4429412,0
171,1885374,2311596,1824489,79422,2820897,1590906,135066,2701330,1527042,3243378,0
172,1078559,1673060,936480,51271,2201397,762928,97549,1933561,927330,3182865,1
173,1380991,2121489,1243273,71850,2698785,1024004,122336,2444348,1198283,3637141,1
174,1083211,1567799,317062,30028,838333,301825,33448,663020,800315,2324071,1
175,1402415,1790354,1402726,55904,2167573,1198675,105669,2043182,1165821,2538545,0
176,2012707,2522918,1969775,78345,3016171,1687345,139283,2850691,1636713,3441652,0
177,1880361,2361537,1835991,73893,2849680,1583046,134297,2667324,1536802,3271245,0
178,2540008,3234759,2372519,101736,3824415,2016111,170903,3566719,2072232,4493030,0
179,2751662,3460717,2576250,106370,4040334,2200251,179737,3817234,2258919,4712190,0
180,2049870,2522840,2012127,81467,3056087,1730360,144672,2901973,1657428,3460776,0
181,1735461,2204187,1745157,68427,2716040,1496581,129918,2579508,1436073,3090648,0
182,2578393,3299593,2425505,101435,3928073,2071968,177425,3708597,2119612,4597823,0
183,2709870,3529400,2495521,107486,4186957,2129823,187288,3891693,2225174,4968396,0
184,1943489,2488057,1912264,76301,3009010,1626061,143942,2864308,1600689,3487879,0
185,1784649,2273877,1795518,71743,2844067,1535067,137257,2683318,1465897,3252287,0
186,2619880,3272221,2478403,104482,3906103,2131091,175405,3668968,2143857,4503622,0
187,2715862,3436188,2578763,109934,4093538,2193573,184473,3834464,2213632,4742693,0
188,2044191,2555121,2012725,86256,3107873,1717263,145951,2940324,1662879,3513377,0
189,1846757,2294790,1839516,76870,2836504,1577375,135856,2684110,1499384,3194078,0
190,2642810,3276677,2509013,107463,3915867,2149507,178395,3694039,2141857,4513932,0
191,2658733,3297469,2512222,108121,3940143,2157109,180733,3705642,2145095,4543069,0
192,2031293,2499271,2018647,84610,3058816,1709111,145703,2893351,1635857,3439069,0
193,1879922,2311383,1898477,79119,2871710,1623204,136951,2740018,1531330,3207886,0
194,2580636,3200496,2456865,107352,3857331,2112972,178668,3635587,2076246,4435287,0
195,2767975,3449230,2590224,112713,4128000,2225426,185879,3833034,2242916,4750723,0
196,2032020,2528132,1982270,84430,3104491,1694795,146614,2927417,1644508,3538803,0
197,1908815,2362872,1889217,80137,2924236,1633402,141551,2794666,1540424,3304472,0
198,2556951,3181314,2440754,105482,3858768,2094444,176470,3627971,2076332,4418154,1
199,1101488,1419670,1006620,39906,1644477,864865,77643,1543553,928552,2023826,0
200,1504302,1849441,1570182,65439,2381001,1349434,119773,2278910,1219619,2624779,0
201,1021344,1266475,1032494,42406,1582173,881083,76715,1493911,838190,1796889,0
202,1092628,1346994,989612,39037,1552267,871439,73158,1469746,906518,1896489,1
203,2402768,2999723,2309133,103761,3645949,1981465,170309,3460974,1946817,4210485,0
204,2759158,3445705,2598471,113435,4080426,2227829,183461,3867042,2232215,4700258,0
205,1902276,2406145,1896118,78618,3013330,1613014,145759,2851286,1555724,3431938,0
206,1011421,1279010,1001704,40487,1587436,844024,76035,1490178,831439,1826458,0
207,844816,1089578,713036,29384,1210321,617805,54158,1113864,701301,1551945,1
208,2466979,3072367,2333138,102209,3712794,2014638,172582,3515343,1997086,4303744,0
209,1192958,1510619,1093410,42114,1743484,956733,80643,1648381,1006227,2124839,1
210,1534905,1920130,1544842,58577,2372311,1328275,111980,2240142,1267876,2707482,0
211,1951983,2436988,1938012,81146,3025313,1664519,144031,2879447,1594005,3426356,0
212,1847317,2300020,1854595,76000,2862663,1590428,137975,2732637,1505438,3224567,0
213,2154679,2707391,2104278,88122,3349832,1811944,157480,3166203,1755211,3828028,0
214,732042,925472,612297,25632,1024427,541119,43920,948596,603360,1298975,1
215,2339648,2873135,2222359,93102,3412260,1921962,156589,3253423,1914724,3939166,0
216,733596,931642,622832,24875,1011647,542641,43704,946642,612266,1286131,1
217,1233105,1529109,1259519,51982,1946062,1090385,95617,1873475,1007823,2178627,0
218,2577575,3226163,2430997,107526,3907977,2098239,181437,3684614,2076495,4531097,0
219,2680997,3358718,2532222,110859,4060487,2191804,185693,3835409,2172780,4681351,0
220,2001564,2529420,1964229,82405,3129191,1686032,149978,2969380,1636764,3578437,0
221,1800554,2274990,1829663,74646,2880845,1576323,140706,2737423,1467838,3231532,0
222,2559291,3224284,2407215,104874,3863638,2072436,178092,3652824,2076127,4490307,0
223,1495115,1880263,1554354,63085,2386326,1329739,118880,2267551,1222593,2657070,0
224,1180275,1490354,1066462,43910,1782891,944253,84253,1666241,973358,2175483,1
225,1924157,2438806,1901130,77916,3011304,1628968,143968,2846167,1572144,3427328,0
226,1883022,2353313,1869517,80577,2944702,1608628,142048,2793032,1523770,3334431,0
227,1435241,1775957,1331050,53537,2134029,1173383,104407,2024529,1188346,2580721,1
228,1202683,1439415,1146539,49537,1715702,995419,83691,1635260,965491,1985783,0
229,1710487,2084355,1720747,72034,2589791,1487766,126580,2480615,1395261,2902060,0
230,1028815,1297366,911700,36778,1485952,795965,69243,1384616,859969,1854324,1
231,2002497,2476883,1973608,82991,3045913,1705905,144332,2915453,1627049,3462153,0
232,1800592,2241286,1811936,75323,2843538,1541434,140616,2696000,1463783,3223956,0
233,2639689,3305344,2418485,108520,3911034,2098686,180015,3675994,2138142,4609731,0
234,2724895,3311569,2556132,112741,3942257,2206517,180909,3721812,2199600,4534592,0
235,2087309,2581948,2034528,85091,3139343,1738787,146200,2977816,1696512,3583762,0
236,1788585,2251526,1785974,73040,2794610,1536010,134596,2647115,1459644,3164644,0
237,2603063,3231858,2467717,104787,3856846,2108318,176199,3611770,2106571,4428239,0
238,2711728,3365369,2548641,110523,3949436,2186505,182067,3730927,2195170,4595634,0
239,2060795,2514592,2010578,83669,3041411,1719601,143175,2863549,1667535,3456247,0
240,1896579,2327983,1897730,76147,2842731,1617797,136299,2704468,1539338,3218112,0
241,2538318,3157209,2425524,103776,3780485,2070145,174174,3555965,2070906,4343698,0
242,2798473,3507551,2603072,112046,4154373,2215959,190946,3874193,2263519,4854108,0
243,1984148,2494564,1958804,82388,3041916,1661653,144602,2847253,1612149,3477771,0
244,1828469,2295630,1838524,76262,2839470,1558567,137901,2669731,1491246,3221192,0
245,2661129,3316538,2472719,108293,3929450,2120656,177582,3661983,2145485,4566709,0
246,1238023,1546759,1166515,45530,1825219,1003637,88776,1724815,1033763,2217075,1
247,1423152,1742855,1451734,61532,2193801,1251399,107898,2105668,1158694,2464675,0
248,1926323,2409993,1897100,82539,2959563,1621895,141266,2786289,1560811,3384125,0
249,1848137,2308163,1858180,77019,2849224,1584051,134263,2689284,1517856,3202391,0
250,1149656,1432734,1140157,47975,1757236,977024,85920,1664310,939966,1999758,0
251,1385109,1717217,1351078,53817,2110803,1163076,104738,1993368,1139792,2479178,1
252,719220,903867,643006,27622,1039093,543366,47995,956279,593797,1274843,1
253,1969646,2413330,1945468,83421,2947570,1660159,140193,2811656,1588506,3340531,0
254,2031471,2491714,1982951,87782,3051530,1699585,146239,2877725,1627733,3461158,0
255,1840983,2277056,1833131,80348,2872771,1566435,141117,2695641,1478056,3236638,0
256,2583033,3204761,2433539,111935,3851166,2085003,177288,3622180,2088455,4452016,0
257,2707616,3368395,2553921,112643,4041304,2172148,187250,3788464,2187535,4681436,0
258,1989438,2463605,1944816,83237,3025120,1664916,146712,2856704,1612030,3467566,0
259,954782,1219869,851000,36045,1425370,729611,65921,1311587,791722,1760493,1
260,728770,928370,617755,25775,1023127,540992,45712,958524,608464,1308311,1
261,1062967,1342322,982954,39927,1588310,850280,77129,1488745,884770,1927860,1
262,1984653,2464909,1941850,84897,3100893,1665124,149578,2911964,1600765,3533127,0
263,2520786,3165638,2374051,105353,3849588,2048216,180146,3638839,2043355,4478148,0
264,2762064,3462907,2537681,116638,4190020,2199140,194983,3926580,2228672,4901955,0
265,2032900,2525060,2008224,88318,3189211,1726987,154519,3005915,1647732,3607918,0
266,1829040,2286171,1837959,78332,2871586,1560318,138843,2718591,1480743,3242217,0
267,2491309,3135749,2359307,103702,3784412,2009612,176138,3555970,2031089,4401880,0
268,2768058,3457870,2567978,114057,4145440,2202394,191096,3871271,2234704,4850764,0
269,1994993,2461662,1944344,84966,3044322,1674844,148004,2878058,1608083,3471716,0
270,1828343,2251015,1819762,77188,2819265,1555013,137170,2662835,1478742,3175387,0
271,2582711,3188182,2448832,108250,3859507,2100252,179982,3647199,2098744,4447493,0
272,2757181,3375485,2582854,113703,4043214,2215879,190485,3847269,2220679,4713219,0
273,1968999,2435271,1926786,82862,3007402,1649106,146198,2845101,1601190,3432525,0
274,1884922,2317851,1872452,78871,2880983,1587645,141262,2714249,1523446,3258743,0
275,2556095,3226229,2353763,115650,3943010,2002517,181147,3664526,2073128,4686807,0
276,2257104,2792570,2146823,90997,3406821,1842011,157452,3195550,1836279,3978193,0
277,3432817,4419798,3158585,139232,5393003,2722644,243933,5032887,2791777,6344644,0
278,2896698,3767598,2610202,115546,4508228,2257471,199137,4223919,2375639,5420090,0
279,2638872,3358428,2427846,104705,3981343,2111541,181556,3783222,2169169,4758606,0
280,2598700,3258428,2432598,101786,3912244,2105158,180881,3706111,2107027,4578219,0
281,1851840,2307235,1845697,75480,2865711,1577620,140608,2729594,1509689,3270926,0
282,2604567,3246233,2453996,102549,3908244,2114636,180141,3684955,2116244,4528443,0
283,2818906,3603632,2628381,112179,4305280,2247022,195089,4068316,2317757,5061230,0
284,1939469,2474717,1940211,78190,3082519,1650154,146234,2906007,1600691,3519280,0
285,1818657,2288095,1814913,73207,2871144,1555044,139227,2700431,1484428,3259750,0
286,2485846,3211011,2345541,99646,3866630,1997704,175702,3613336,2034838,4526018,0
287,2739046,3547613,2538393,107626,4220516,2177130,190552,3938115,2251810,4991279,0
288,2019886,2540031,1966230,79869,3128761,1687332,146335,2925797,1650597,3583546,0
289,1811323,2289467,1788533,72709,2830884,1531567,135746,2662616,1481308,3230247,0
290,2635548,3319418,2468825,105036,3980236,2124148,179708,3711621,2137529,4634251,0
291,2717223,3450506,2523401,108681,4088851,2149478,183863,3800908,2208277,4809372,0
292,2031631,2601320,1981878,83137,3188050,1675253,147010,2958455,1666990,3656644,0
293,1802353,2292126,1797507,74688,2848990,1538458,136992,2658491,1483449,3249586,0
294,2585548,3301095,2386303,104415,3919287,2030905,176688,3635878,2110868,4640061,0
295,2741392,3477811,2530221,112972,4084026,2172982,183826,3815159,2230899,4832896,0
296,1969256,2550610,1881102,81802,3136425,1606864,147545,2895503,1607598,3684319,0
297,1839385,2390243,1842746,76538,2995145,1550495,139909,2775295,1517355,3435137,0
298,2463368,3278558,2309309,104859,4035914,1940601,184209,3720052,2025690,4792160,0
299,2602139,3491665,2352394,109177,4278312,1971752,192991,3924603,2132895,5237512,0
300,1879182,2500038,1821140,79377,3116200,1549763,150199,2927924,1548686,3689675,0
301,1842727,2313630,1809734,76111,2850609,1545792,137231,2689578,1496360,3273068,0
302,2554206,3212474,2394307,105940,3841367,2059558,180367,3650324,2064134,4506139,0
303,2807107,3499102,2609702,118190,4132069,2234946,189175,3895463,2262586,4823548,0
304,1992672,2472717,1957202,83503,3051107,1702578,145535,2921077,1622591,3472970,0
305,1785153,2229647,1775452,75388,2794410,1532228,134751,2644744,1453482,3162969,0
306,2652960,3316654,2495600,110148,3988793,2135634,181868,3729679,2146260,4604356,0
307,2689114,3335770,2522561,109763,3951515,2173955,184113,3773031,2175023,4618115,0
308,1967980,2464764,1952190,82959,3050704,1685874,146962,2917736,1609390,3465441,0
309,1929209,2381480,1902770,79519,2934363,1634063,142564,2804264,1562780,3345404,0
310,799504,1318476,555306,63174,1697947,434481,67065,1450787,683635,2765145,1
311,2215246,2792731,2133635,93009,3423395,1834654,157453,3245456,1804089,3929228,0
312,1908209,2447399,1895570,78541,3080068,1616835,149197,2919474,1561734,3544285,0
313,1768722,2246874,1787280,74071,2888445,1512646,142226,2714246,1446925,3267053,0
314,2601421,3318372,2410930,106585,3957689,2083693,179143,3714970,2117761,4640604,0
315,2646039,3394309,2475646,108126,4061602,2121149,185441,3855498,2166928,4762918,0
316,1918298,2425926,1881194,80578,3008179,1615777,146440,2832595,1555142,3435247,0
317,1825870,2324057,1843547,77858,2926840,1567453,138880,2755954,1499615,3290678,0
318,2440933,3113017,2325597,101900,3731352,1974915,171434,3516515,2003317,4327780,0
319,2742420,3479326,2584642,113335,4140518,2191077,186490,3879111,2234886,4800643,0
320,1975542,2489333,1940441,83288,3052361,1674541,141783,2891276,1611414,3453221,0
321,1835558,2305961,1841389,76286,2857855,1567381,136225,2695638,1495778,3219817,0
322,2510752,3224420,2376489,103640,3871670,2014710,175902,3603407,2047739,4500663,0
323,2774553,3523353,2584862,115436,4231121,2208713,189813,3955177,2253048,4925780,0
324,1896954,2406854,1872631,80015,2985718,1603051,141935,2813111,1540079,3409020,0
325,1795825,2286084,1797546,75072,2910040,1541233,143179,2752837,1468157,3318467,0
326,2604410,3316680,2461240,107997,4024814,2103195,183263,3761230,2125181,4670678,0
327,2420061,2997434,2315570,100041,3635599,1997068,168700,3463882,1954946,4173419,0
328,913523,1578625,656370,85219,2177632,487402,86950,1791295,786680,3692416,1
329,916337,1467931,751909,62403,1916274,594712,82732,1668429,785410,2784551,1
330,1670747,2113537,1708074,72540,2730544,1468920,132719,2593750,1356750,3054611,0
331,2522026,3205895,2367200,107843,3867091,2032604,176040,3649029,2054724,4507244,0
332,2688740,3421894,2515809,110955,4096609,2163387,186083,3884400,2196900,4785359,0
333,1993331,2594430,1952561,82754,3253648,1671454,155668,3076610,1643974,3778914,0
334,1713221,2278647,1716971,72703,2925824,1462828,143914,2742205,1416445,3389962,0
335,2486298,3226579,2338080,105473,3894358,2031434,178325,3677031,2030079,4561663,0
336,2738390,3454213,2543883,115121,4087202,2218479,182770,3896041,2234214,4766103,0
337,1908838,2418386,1872518,81495,2992431,1616702,144686,2851108,1564550,3452038,0
338,1816512,2313620,1800093,76586,2911618,1539467,140690,2751875,1482594,3331993,0
339,2532504,3281904,2357494,105423,3989756,2033615,186010,3706430,2059043,4708205,0
340,2725001,3482378,2509172,114610,4179218,2158866,187459,3896505,2198889,4894974,0
341,1927857,2462322,1887257,79968,3117722,1636755,147182,2928811,1580114,3579564,0
342,1794344,2310482,1780632,74315,2954432,1532495,143824,2755365,1458676,3389699,0
343,2477694,3153977,2308924,100740,3819325,2022754,176175,3639103,2013133,4462583,0
344,1739921,2184532,1724322,72633,2753465,1502860,132420,2619643,1419048,3133124,0
345,905464,1517943,658961,61297,2002746,515885,84582,1677597,766454,3249247,1
346,1751283,2209305,1735158,72127,2776105,1513169,132241,2623131,1426174,3144555,0
347,908980,1147102,868497,36249,1403930,747029,65465,1310891,744294,1636043,0
348,904889,1425951,746801,52554,1796256,595608,78960,1567285,774513,2577343,1
349,2396096,3091157,2230237,98882,3764602,1935637,173825,3560061,1957070,4452721,0
350,1397856,1780256,1448676,57361,2293866,1245170,115978,2176648,1143244,2580177,0
351,1185073,1976273,937930,99116,2603332,725159,122569,2219376,1016859,4152553,1
352,1171363,1833109,1027668,60800,2356678,844217,112602,2095042,1005078,3220419,1
353,1098427,1768789,896169,75208,2302385,712744,106370,2014228,940243,3458125,1
354,1406947,2265569,1177717,97193,2893943,933441,130222,2521415,1205290,4174391,1
355,2420530,3107542,2351686,100301,3801010,1991574,172349,3550851,1995668,4366193,0
356,1863224,2458243,1861697,77097,3089624,1555064,145141,2857778,1534850,3533074,0
357,1782110,2276214,1793430,74067,2854312,1515786,139405,2663537,1445328,3228579,0
358,2539907,3268019,2358030,106577,3901309,2014766,177568,3612513,2063502,4606097,0
359,2620928,3283235,2413519,107090,3909755,2082581,175554,3641383,2103697,4583666,0
360,1920389,2418445,1871915,76995,3020244,1611268,145581,2829024,1564034,3479961,0
361,1837171,2302319,1816111,74701,2799581,1551298,132180,2627811,1494078,3193230,0
362,2544402,3152412,2382118,102125,3765976,2056964,173642,3520294,2049959,4370828,0
363,2743398,3438149,2504028,108902,4072912,2179230,183691,3810939,2214209,4801510,0
364,1883968,2400692,1852452,77854,2957423,1586222,140750,2781424,1546012,3393315,0
365,1726078,2251254,1747616,70788,2802161,1476906,138072,2649061,1417712,3211552,0
366,2543477,3306578,2380240,103116,3935361,2031773,175963,3650379,2081530,4597983,0
367,2640454,3365747,2448235,108165,4013919,2102135,180353,3748731,2137130,4713179,0
368,1905833,2464597,1833860,77916,3025237,1564860,143088,2803997,1550170,3525290,0
369,1774104,2275229,1755786,74037,2793415,1500414,134520,2644300,1454804,3208559,0
370,2480118,3243890,2317369,100305,3894046,1985830,178495,3671093,2038011,4610827,0
371,2676925,3474464,2433189,109184,4138020,2092669,184431,3830603,2173814,4913973,0
372,1823391,2366899,1781271,80937,2916953,1509341,140289,2724917,1486705,3377897,0
373,1750628,2245261,1643926,67433,2707464,1420771,130212,2535184,1453500,3262341,0
374,2557299,3250909,2393045,106070,3932838,2077818,178953,3679324,2062128,4571232,0
375,2649406,3416906,2403975,109062,4113568,2091400,185871,3840906,2143109,4875941,0
376,1808153,2408275,1772338,77163,3077424,1502503,150749,2863746,1483246,3604003,0
377,2481441,3217080,2309446,105141,3904438,1989729,180780,3668050,2018044,4591803,0
378,2680718,3433913,2490937,115081,4145370,2130101,185339,3842756,2165475,4842630,0
379,1909782,2451781,1904870,81629,3105484,1610800,144892,2899239,1567981,3517182,0
380,1823483,2311425,1833543,77089,2932561,1583392,139728,2771645,1491156,3279146,0
381,2506303,3203498,2367999,107693,3849130,2037281,174960,3642259,2036033,4466068,0
382,2591005,3313262,2459770,111039,4048064,2094042,182337,3791846,2120599,4685716,0
383,2028084,2580526,2015005,85937,3217659,1715091,151883,3041770,1661846,3653319,0
384,1775849,2284329,1817428,74986,2977176,1537125,141877,2785935,1464354,3335117,0
385,2461431,3147117,2349056,103757,3909937,2014928,177284,3650475,1994105,4512374,0
386,2715331,3485977,2528739,112220,4228599,2169094,189958,3977764,2212494,4964656,0
387,1880756,2393731,1883716,80171,3069424,1617427,144187,2887373,1533695,3460920,0
388,1732564,2171344,1776114,76016,2804580,1524768,137465,2686555,1414952,3116282,0
389,2609447,3290022,2509049,109078,4030548,2144395,184130,3813788,2141989,4618210,0
390,2639784,3333191,2486828,108279,4073657,2131836,183225,3829782,2148435,4693911,0
391,1904180,2406294,1893781,78915,2986298,1618842,141933,2830546,1554981,3389126,0
392,1874141,2355538,1891929,77938,2948248,1602096,141554,2795685,1532135,3323968,0
393,2501764,3136823,2377162,101965,3833643,2049486,174930,3631023,2029901,4417799,0
394,2596806,3279287,2456501,104569,3961906,2107646,180529,3747590,2111722,4593572,0
395,1862792,2289706,1865862,74854,2856786,1597367,136596,2716888,1508596,3196713,0
396,1857376,2277664,1866815,74474,2852507,1602800,135961,2722765,1508955,3206843,0
397,2385401,3016862,2284943,94133,3683031,1961923,168714,3456327,1935338,4231248,0
398,2515507,3183216,2373401,101359,3912575,2039462,177594,3670233,2036366,4531727,0
399,1904144,2398977,1897669,78100,3045499,1614257,144085,2864219,1537763,3426071,0
400,2432113,3064086,2342903,97676,3776960,1997996,171795,3557076,1980327,4315188,0
401,2615259,3286126,2492325,107001,3976543,2132500,181075,3735800,2120600,4565475,0
402,2016911,2524614,1973315,82654,3146801,1695335,150280,2995511,1627286,3573565,0
403,1825579,2287687,1829250,78616,2930509,1592569,141959,2798608,1484183,3311040,0
404,2419920,3104491,2358888,104147,3902386,1988581,182080,3678198,1969639,4469270,0
405,2629354,3423548,2490799,112914,4237440,2105148,192653,3956241,2151788,4932883,0
406,1911153,2425963,1889194,82336,3075172,1613550,148933,2887667,1544092,3508276,0
407,1860381,2362764,1855799,81331,2992755,1579220,146409,2806385,1500013,3402295,0
408,2430710,3067192,2308909,102598,3758549,1974777,172286,3518379,1961172,4315876,0
409,2723435,3546992,2545912,112070,4328357,2150555,192001,3989358,2226193,5071391,0
410,1915132,2515684,1907065,80325,3195226,1601586,150627,2959315,1578213,3654603,0
411,1715358,2246784,1724915,72922,2901104,1470525,140987,2695957,1402962,3328582,0
412,2508575,3253077,2323374,107116,3982915,2005751,179918,3699941,2033583,4705910,0
413,2658750,3428609,2492710,114140,4169013,2154958,185950,3916189,2173091,4883614,0
414,1980811,2545466,1962006,83993,3217746,1686976,152958,3028379,1619324,3668981,0
415,1865704,2381378,1871785,78857,3008699,1610407,144857,2854442,1527252,3421115,0
416,2643977,3376369,2482981,108554,4137466,2145927,187656,3887795,2156066,4831929,0
417,1914640,2509461,1900281,79988,3203132,1606240,151979,2969002,1573911,3673734,0
418,1725550,2237410,1745478,71539,2869061,1493516,140070,2707729,1423416,3261911,0
419,2557718,3285543,2388515,106820,4006027,2060268,181539,3732452,2065534,4691648,0
420,2665381,3407900,2457296,110440,4181538,2137775,189492,3889410,2148328,4904688,0
421,1851973,2322939,1846106,82547,3016210,1566866,147364,2805294,1484461,3397808,0
422,1820064,2311573,1800301,74795,2924509,1550264,140867,2736050,1477561,3332256,0
423,2533384,3184864,2421208,103744,3896067,2067104,180217,3653718,2049708,4479986,0
424,2247897,2814442,2147406,93174,3558709,1876578,167209,3358812,1821940,4122521,0
425,3154664,3982945,2856291,129496,4719479,2475963,210109,4445911,2552921,5600813,0
426,2297033,2885837,2185829,96747,3503506,1883264,162407,3314606,1849560,4052123,0
427,1761710,2232466,1785178,75059,2847722,1520874,137776,2687706,1436750,3197631,0
428,2010391,2538482,1965804,84422,3131739,1689486,148115,2966834,1624574,3561241,0
429,1788067,2246573,1796883,75624,2790755,1540224,135228,2644869,1444593,3140240,0
430,2550268,3202979,2380654,105932,3817750,2052720,174781,3581284,2057682,4462254,0
431,2690021,3335563,2528150,113193,3993694,2177271,183931,3751055,2166363,4615511,0
432,1964645,2457431,1925550,81875,3022755,1653637,141096,2835549,1599714,3426884,0
433,1859852,2275362,1859529,77140,2848577,1604110,136717,2693414,1495692,3178023,0
434,2531905,3169730,2403130,107419,3851177,2083815,177481,3643676,2031462,4419005,0
435,2751666,3427018,2564500,114282,4083220,2247038,183256,3889456,2221854,4731230,0
436,2013884,2443983,1972649,82601,3011271,1712370,141837,2853771,1623467,3394823,0
437,1874504,2316182,1860144,77589,2885435,1615490,136915,2736612,1511374,3238451,0
438,2544170,3225734,2413685,104689,3989942,2070295,181988,3696217,2062996,4591756,0
439,2716886,3445780,2529559,112834,4215839,2167571,189104,3883507,2190589,4887163,0
440,1937379,2485895,1929917,82975,3144193,1622610,149043,2904698,1568562,3575928,0
441,1770438,2275485,1806515,76680,2936939,1520218,141206,2731870,1441005,3285628,0
442,2539007,3230420,2431982,108137,3948313,2071897,177123,3668208,2059226,4530311,0
443,2753480,3500495,2569159,112809,4224901,2196753,187479,3922521,2245191,4917452,0
444,1859130,2437417,1828352,80626,3085262,1541928,143891,2836640,1515248,3555778,0
445,1729725,2232107,1724240,74291,2811070,1479153,134930,2623412,1413911,3199433,0
446,2527804,3272482,2371274,106924,3978834,2008778,176462,3697858,2054612,4638852,0
447,2705182,3452814,2490365,113560,4126561,2142576,185509,3852724,2188316,4871249,0
448,1723816,2196016,1719394,73716,2803512,1479512,136373,2628995,1398393,3196625,0
449,2548785,3202754,2408627,106378,3911797,2091590,180547,3674533,2057491,4514458,0
450,2743691,3529324,2526107,111255,4270345,2175158,193061,3976954,2222939,5034286,0
451,1914677,2444999,1904837,79048,3055340,1636532,146041,2866979,1564045,3477294,0
452,1780856,2310966,1788840,75207,2949138,1526911,141841,2742738,1451545,3330038,0
453,2458534,3133939,2297099,101454,3802759,1999391,172377,3587249,1984347,4417491,0
454,2691427,3411843,2489173,110089,4088861,2165243,187492,3879487,2181104,4787329,0
455,1833534,2357550,1831019,78034,3004428,1566294,147296,2831633,1498377,3421211,0
456,1778827,2309837,1776767,74408,2937593,1517828,143785,2759511,1452589,3363407,0
457,2443781,3188222,2315429,103145,3911351,1949807,176462,3624361,1988834,4564024,0
458,2613869,3400088,2450402,110645,4152787,2090921,189003,3859602,2132823,4864196,0
459,1984831,2574354,1967519,82765,3242325,1670395,153088,3007603,1625802,3703926,0
460,1731567,2267439,1738687,74982,2930158,1477966,142700,2739365,1420980,3341516,0
461,2469143,3242175,2355192,108095,4017379,1990981,184239,3738824,2019305,4677523,0
462,2686950,3504977,2463659,114134,4237706,2108091,189561,3906586,2174754,4994862,0
463,1961219,2548881,1910753,84676,3205251,1635164,153592,2984406,1598203,3706975,0
464,1711824,2259286,1704534,75774,2922687,1456009,141885,2706332,1398970,3352939,0
465,2519545,3293398,2362200,106133,4067553,2021860,186519,3763882,2063093,4788001,0
466,2760621,3577265,2558843,117413,4335197,2188900,194556,4035428,2248864,5124801,0
467,1894844,2413257,1887150,81653,3055098,1612962,144831,2895034,1551342,3494981,0
468,1809591,2339629,1812502,77318,2966169,1554824,140887,2797350,1479564,3364342,0
469,2457918,3180008,2296466,102525,3862122,1989777,175417,3619364,2002415,4530124,0
470,2607325,3364468,2446523,111475,4102885,2091248,182923,3828814,2124645,4780334,0
471,2105170,2727806,2051119,89723,3380441,1746198,155281,3171081,1734114,3868043,0
472,1982582,2553243,1968339,82723,3209651,1668635,148478,3001371,1629413,3655445,0
473,2401968,3096192,2263312,100405,3793467,1940321,172433,3526285,1956007,4400874,0
474,2748493,3521990,2528147,115462,4184520,2157098,186215,3885653,2229343,4932887,0
475,1941888,2558394,1906396,86317,3208579,1603652,150723,2971832,1589838,3671037,0
476,1750158,2256984,1775222,74665,2862367,1510848,135433,2670749,1436606,3224904,0
477,2515317,3236241,2348710,108301,3896740,2004879,174221,3615173,2041555,4547863,0
478,2692289,3429430,2485860,112557,4113014,2131817,181726,3794638,2183219,4825674,0
479,2024791,2605905,1977324,86200,3263493,1698898,152519,3047291,1657201,3740874,0
480,1828555,2338479,1828135,76740,2972428,1565284,142575,2795799,1499562,3378795,0
481,2538798,3278584,2401447,106511,3991843,2051118,182004,3736318,2064665,4661992,0
482,2765973,3486931,2530152,115775,4175615,2200224,187898,3911520,2218009,4886927,0
483,1861923,2371739,1834052,79726,3003981,1586062,143841,2825433,1512132,3431127,0
484,2646914,3372982,2467692,109600,4051928,2137853,183829,3810346,2149316,4733860,0
485,2689642,3430304,2532694,112292,4121393,2176791,184256,3859633,2189473,4802434,0
486,1976812,2503502,1957872,83263,3082009,1669492,145883,2919986,1611277,3523440,0
487,1864458,2375642,1881290,78576,2970586,1594359,138938,2766510,1526481,3357656,0
488,2471331,3178934,2334386,105656,3838525,2001875,172827,3585584,2013940,4458374,0
489,2751852,3524856,2567113,114324,4250642,2196712,190170,3991568,2230043,4988320,0
490,1973962,2484211,1958720,81334,3062071,1666003,146215,2888210,1602842,3469360,0
491,1768478,2269446,1810978,73227,2856116,1511017,139660,2681129,1452679,3217622,0
492,2523897,3228382,2377710,102610,3891814,2036935,178638,3631926,2048062,4521754,0
493,2727527,3494962,2544530,109435,4186533,2161187,187638,3882889,2215440,4893491,0
494,1881826,2413960,1882531,80238,3023708,1604674,146453,2851649,1533216,3436945,0
495,1829780,2321188,1830572,77756,2911752,1564695,142143,2723060,1493713,3291981,0
496,2515496,3222456,2375235,103243,3891942,2027237,176705,3612120,2041903,4506927,0
497,2674236,3482195,2512395,109949,4250449,2127276,193742,3947035,2195127,4969996,0
498,1888088,2443503,1873389,77811,3063886,1594417,147672,2877679,1545449,3486890,0
499,1872858,2405041,1856716,76968,2985759,1581114,146291,2799403,1525708,3419742,0
500,2523664,3250423,2381688,102075,3960025,2034396,178379,3650852,2048322,4584736,0
501,2607790,3344513,2408567,104304,4026915,2089333,182674,3777520,2121762,4731198,0
502,2060635,2613577,1998413,84025,3197847,1729313,152035,3033412,1679608,3690935,0
503,1873465,2366365,1859123,76737,2982326,1613855,143502,2815697,1522978,3375352,0
504,2485622,3156849,2372191,101985,3868995,2017357,176240,3610500,2019347,4443730,0
505,2699904,3457895,2520392,111097,4145746,2168260,187287,3926714,2200276,4861757,0
506,1919767,2438510,1937275,80721,3097182,1645837,148053,2911250,1565536,3502269,0
507,1794225,2289444,1815277,76310,2913873,1542096,140866,2737896,1461737,3284276,0
508,2562349,3290366,2442250,109520,4022285,2071276,181176,3749639,2084072,4642043,0
509,2493149,3268089,2383355,105293,4008506,2016513,183051,3756120,2055536,4665452,0
510,1933016,2487410,1925119,81503,3148965,1635914,150484,2939743,1575422,3576680,0
511,2548480,3272785,2422192,108384,3996822,2072358,181059,3744412,2083910,4625214,0
512,2827767,3609409,2627160,116087,4370191,2257941,197159,4102000,2300303,5140463,0
513,1872039,2397522,1846230,78920,3088325,1591968,150173,2896706,1523772,3532793,0
514,1912750,2421894,1884061,81869,3064905,1628237,146712,2896273,1547308,3488247,0
515,2486715,3245961,2345474,102894,3993619,2018433,181650,3726820,2041017,4684697,0
516,2653107,3431721,2484737,109244,4222277,2133568,191608,3961457,2164798,4941451,0
517,1997918,2560542,1967045,84089,3230727,1676204,157963,3066435,1637295,3736406,0
518,1813253,2318581,1825731,75762,2926445,1555393,143580,2785758,1490017,3351176,0
519,2535937,3241934,2385798,105193,4008857,2056612,184876,3748408,2052320,4671729,0
520,2744745,3542849,2514162,115657,4255771,2154095,193360,3986913,2242553,5065383,0
521,1888090,2531302,1883086,83971,3312724,1575978,158063,3049348,1556135,3823607,0
522,1638986,2189086,1667845,73909,2945917,1401892,146466,2750971,1347360,3395512,0
523,2527991,3335774,2360267,113528,4191559,1993225,192839,3865864,2062783,4960170,0
524,2656041,3421675,2491594,115133,4220240,2112794,196421,3938582,2159169,4942551,0
525,2024807,2574718,2020976,88217,3268657,1703299,157108,3065156,1650110,3700048,0
526,1808483,2307094,1827516,79744,2974185,1548522,145390,2788450,1467308,3360908,0
527,2568962,3268737,2423487,109559,4012835,2083505,184710,3740555,2076794,4648872,0
528,2676124,3410207,2511031,117566,4165881,2154150,189486,3893093,2169564,4831314,0
529,1984290,2501439,1960367,86173,3143889,1676672,149640,2958924,1605493,3577657,0
530,1845373,2301346,1851884,78175,2921465,1582277,139988,2748927,1494198,3270487,0
531,2656582,3312061,2520977,111028,4017830,2169760,184937,3764280,2153192,4626201,0
532,2757740,3507736,2569745,113724,4237599,2197708,189878,3917536,2231968,4920086,0
533,2028053,2562959,1975080,85725,3183659,1680738,151537,2968427,1630600,3641558,0
534,1813454,2295665,1861333,78156,2935994,1565789,140336,2754831,1483298,3276920,0
535,2550944,3245102,2459457,104032,3950697,2087061,180498,3681981,2087124,4539624,0
536,2635355,3412179,2502335,108298,4193648,2126791,191512,3889312,2148297,4881185,0
537,1886517,2456991,1882984,77504,3074313,1600195,146052,2918657,1554333,3523734,0
538,1848681,2396989,1853663,77236,3046970,1580649,145583,2859516,1513724,3476653,0
539,2542146,3216189,2410424,107792,3892615,2052095,180278,3636220,2053658,4532775,0
540,2738545,3526194,2562212,115035,4246082,2179790,190317,3929506,2243721,4982598,0
541,1995764,2589529,1957092,85393,3300380,1660070,157750,3075132,1642949,3812677,0
542,1724007,2238121,1755981,73389,2915608,1485450,142987,2706340,1416190,3318903,0
543,2631894,3408559,2467001,109628,4133215,2110161,187277,3817544,2129833,4800256,0
544,2748035,3488952,2569527,111915,4231587,2200486,191044,3933389,2218748,4909621,0
545,1984032,2497635,1964684,82236,3147726,1699376,150403,2944471,1613954,3566811,0
546,2510485,3189905,2365276,101714,3875568,2045559,175147,3613309,2050323,4480170,0
547,2611444,3328045,2442762,105852,4010489,2112688,183787,3765359,2115782,4687592,0
548,2012347,2533157,1972534,81560,3092689,1700805,147811,2921770,1631583,3531152,0
549,1837329,2294454,1827973,75639,2842272,1584172,137555,2695751,1485092,3197683,0
550,2545585,3212996,2373874,104099,3829497,2073000,176396,3587905,2055664,4453184,0
551,2664969,3358897,2458994,108630,4065528,2136460,183283,3786297,2149250,4744292,0
552,2029443,2582134,1982729,83341,3208036,1716016,152110,3031722,1655483,3680994,0
553,1811373,2295392,1825997,74751,2915877,1573126,140286,2754625,1479475,3276050,0
554,2571102,3213663,2431457,106123,3876762,2111289,176824,3685692,2089456,4462408,0
555,2812560,3531568,2690261,116129,4246760,2297508,189025,4001651,2290904,4869266,0
556,2025678,2563349,2023011,83898,3210515,1727166,148742,3002148,1656457,3598748,0
557,1787623,2286195,1834525,74330,2915145,1549024,137794,2722217,1457472,3242875,0
558,2532575,3260572,2379271,105729,3951616,2039142,176493,3694379,2058664,4591807,0
559,2605383,3354900,2486785,105791,4060279,2113196,180569,3783712,2132388,4672557,0
560,1965250,2531330,1948991,80768,3160237,1675857,146903,2963265,1606142,3583977,0
561,1838488,2295424,1825767,75281,2891506,1580239,138589,2712038,1493865,3260627,0
562,2491926,3140622,2377358,101287,3879963,2050609,178722,3649802,2023475,4484444,0
563,2285072,2766761,2204975,94195,3479668,1930990,163290,3301104,1847607,3972018,0
564,3252984,4112780,3017497,131293,5005655,2619277,224094,4714831,2633108,5859641,0
565,2316118,2958488,2227394,98952,3698970,1907042,173114,3470080,1879596,4303046,0
566,1905058,2433226,1884765,81354,3085653,1593681,150339,2897664,1553203,3557873,0
567,2183743,2767205,2137601,91440,3464725,1815446,164937,3263351,1784451,3985245,0
568,1969360,2502420,1973118,80778,3167124,1670415,152367,2992922,1606668,3597588,0
569,1731626,2174245,1766786,72368,2777512,1495077,136419,2609765,1409045,3120037,0
570,2561376,3242798,2446847,107436,3969379,2092670,182908,3740494,2086448,4574284,0
571,2705981,3432638,2511247,110391,4093022,2157686,187233,3853289,2188017,4809536,0
572,1934133,2440208,1933413,78553,3024143,1638863,142528,2879056,1589880,3442167,0
573,1805878,2298406,1809786,74220,2853053,1527079,137429,2690809,1478500,3255040,0
574,2589701,3255537,2449815,106841,3925118,2053837,180780,3644272,2099366,4568861,0
575,2711070,3461894,2548557,110826,4127385,2150112,190189,3875026,2216969,4852804,0
576,1924174,2458759,1914395,80199,3068951,1612471,147773,2882151,1573544,3513847,0
577,1776371,2286680,1804074,74881,2884001,1516400,141813,2721237,1462817,3294478,0
578,2628244,3346991,2472223,107260,4006465,2085800,186292,3746968,2136477,4711440,0
579,2744083,3458301,2544769,110916,4156307,2177196,191968,3895034,2228342,4892828,0
580,2003473,2583512,1951616,83001,3199244,1636552,151362,2989810,1644145,3729885,0
581,1766912,2278203,1778261,75182,2938683,1493887,143453,2729602,1444389,3380516,0
582,2580445,3360197,2398924,108398,4112556,2025518,186875,3783564,2090976,4840163,0
583,2746393,3524079,2538939,115949,4273777,2137584,193590,3928738,2216607,5027520,0
584,1968065,2523897,1949486,81283,3196450,1635098,154938,2975985,1595015,3645351,0
585,2653049,3377045,2469744,109354,4090332,2111472,186086,3820635,2146078,4797485,0
586,2815272,3587512,2605780,118442,4303722,2215845,192695,4008878,2274214,5058136,0
587,2066916,2628443,2012729,88895,3231221,1700267,150915,3042060,1689565,3725637,0
588,1923241,2419685,1917276,81302,3012013,1624858,142675,2823765,1569887,3422450,0
589,2716858,3354628,2555212,113540,4059515,2197943,186862,3807470,2198430,4715718,0
590,1164718,1484175,1151158,47114,1850335,985805,90718,1745678,942202,2126497,0
591,1459056,1846561,1514747,60429,2326621,1288182,113998,2191394,1201546,2615322,0
592,2044365,2586429,1982226,85782,3210482,1690018,152145,3004106,1662012,3714379,0
593,1796272,2292544,1770221,74822,2906249,1514907,139628,2767982,1484742,3365585,0
594,2620360,3267775,2465793,104986,3913845,2124788,176188,3688773,2128775,4533093,0
595,1305178,1602131,1300821,51695,1970842,1126633,95311,1872962,1065125,2238750,0
596,1508568,1871138,1524645,61137,2306754,1319456,111308,2200846,1237237,2601919,0
597,2017944,2532482,1962569,79295,3062179,1681783,141889,2908125,1653342,3528848,0
598,1852494,2394816,1850579,76724,3002908,1568032,146817,2854252,1531669,3451629,0
599,2642094,3403007,2462610,107958,4116764,2120335,189393,3873275,2161583,4860661,0
600,2356093,3064574,2209952,96687,3709345,1878332,173040,3494121,1924351,4385697,0
601,731775,958194,611622,25624,1060081,530534,46092,977566,608692,1368732,1
602,1696777,2105729,1713602,72781,2606896,1443101,126855,2469986,1388629,2952724,0
603,1888781,2332841,1875789,81389,2873023,1586944,138513,2723593,1531468,3243059,0
604,2607410,3251864,2469715,106173,3929055,2113554,182332,3705268,2108025,4544588,0
605,2798634,3447081,2602441,109792,4095971,2241611,187326,3873814,2264226,4746848,0
606,2000072,2524046,1969034,80772,3117523,1659734,149651,2941544,1632881,3566823,0
607,2494573,3134802,2336142,99556,3789090,1994340,173618,3582811,2030764,4428064,0
608,2796784,3467642,2614812,110324,4104749,2233713,187528,3888567,2251766,4773755,0
609,2031470,2483997,1966921,80657,2970202,1688767,140840,2853400,1651014,3411572,0
610,1852394,2413489,1804334,73855,3000710,1523960,140448,2801545,1523935,3492810,0
611,2484673,3237732,2289774,98350,3874934,1952279,175279,3627630,2038118,4586031,0
612,2717695,3462675,2462054,107235,4115198,2109774,187646,3845387,2203212,4917924,0
613,1914024,2409798,1851906,79071,2951507,1585483,143185,2812336,1551989,3420701,0
614,1855351,2308273,1819810,74460,2833155,1558785,134383,2682759,1511227,3241797,0
615,2545505,3213756,2375415,101268,3842320,2031491,175685,3611896,2061378,4526862,0
616,1354118,1736378,1397008,56023,2254785,1193052,116761,2134689,1103308,2547670,0
617,1222038,1579772,1119855,44938,1882280,983378,89908,1772553,1013657,2312245,1
618,1956564,2431882,1885768,80513,2949901,1636261,142877,2837351,1576590,3413133,0
619,1846470,2333207,1811999,75398,2877098,1549380,138892,2737653,1510934,3324273,0
620,2545735,3250179,2384842,104216,4006980,2038532,189610,3757506,2059140,4710972,0
621,2785117,3498759,2540710,111907,4106484,2188268,190964,3894190,2254901,4868540,0
622,722642,924103,611141,25694,1041618,543983,45204,977373,602179,1313663,1
623,1245124,1550600,1249738,52032,1909083,1076330,93706,1821050,1015561,2168296,0
624,1844706,2336533,1817699,76561,2887313,1553384,140242,2731921,1496973,3317420,0
625,1138737,1445335,1139649,49129,1800313,974074,88576,1734094,931454,2071695,0
626,1368098,1756559,1283653,52506,2115969,1130215,101637,1992331,1137726,2564722,1
627,2824687,3529912,2610515,116181,4143518,2237829,188587,3915524,2278612,4856715,0
628,1980011,2512169,1953348,84963,3091463,1641347,149172,2918565,1616897,3552545,0
629,1826735,2309392,1824254,76435,2868597,1544760,139272,2727414,1504471,3268158,0
630,1074827,1314950,1062473,43966,1603971,908314,77439,1547481,887493,1846726,0
631,1279496,1622152,1230927,49253,1993654,1067413,94312,1855709,1066265,2346771,1
632,911488,1143456,798886,33348,1302870,704076,60156,1234476,746655,1624461,1
633,2144128,2750385,2110781,89841,3369538,1758271,154432,3179605,1781479,3894180,0
634,1720087,2171244,1756570,71201,2738867,1482921,132853,2600761,1421535,3090521,0
635,2312476,2897864,2098159,88014,3387087,1809841,153001,3153650,1900419,4105249,0
636,1280410,1594943,1216985,48337,1890322,1056176,88676,1789521,1067420,2247370,1
637,1408126,1761717,1461104,59293,2232576,1228271,107851,2142472,1176153,2517973,0
638,2414617,3070500,2299059,99600,3725292,1953336,168854,3508854,1990701,4336035,0
639,873069,1132718,778398,31973,1322581,671580,60210,1225013,733565,1641677,1
640,744359,933408,653246,26349,1060958,560526,49249,981714,614663,1324392,1
641,730344,928387,628897,28656,1057456,544948,46834,968495,609769,1360510,1
642,1114503,1755996,916205,86586,2314065,702012,107450,1975874,946125,3465240,1
643,1400540,2258143,1099934,108823,3037687,848742,127920,2538791,1175065,4558499,1
644,1486886,1920046,1445531,58967,2379163,1221763,120280,2209752,1238543,2875821,0
645,1556521,1949433,1609771,64872,2505791,1369171,123158,2397846,1280268,2819249,0
646,1128415,1451810,1032786,40498,1709211,878638,81789,1581289,938201,2116483,1
647,999770,1234203,956476,41100,1479265,817797,70117,1400530,816313,1733357,0
648,1063450,1364846,969761,39914,1622136,829485,77651,1500929,886610,2012498,1
649,731441,950198,632794,27282,1067081,533976,47912,987532,612730,1357974,0
650,1222086,1496086,1229182,50530,1866008,1049988,90780,1791912,1000653,2125895,1
651,730563,956995,614588,26268,1062317,524560,47588,981023,616056,1374002,0
652,1982062,2476175,1962108,83656,3102593,1663669,146375,2960607,1624196,3540943,0
653,711466,952153,588929,25545,1060273,501767,48355,970986,598192,1401630,1
654,2037099,2569205,1996481,85732,3255639,1725641,155812,3124693,1673232,3741426,0
655,1914122,2397205,1758672,74248,2866717,1538547,137235,2682800,1569543,3446831,0
656,2584497,3203775,2421910,105681,3817554,2084339,174519,3630081,2118052,4449848,0
657,820345,1057265,728765,30058,1237296,626749,55555,1145760,683986,1533117,1
658,733500,920837,627521,26525,1051943,552196,46691,986463,605421,1323247,1
659,1242484,1591342,1188488,47270,1958849,1018886,94906,1819350,1023176,2334545,1
660,2096518,2603845,2038499,86687,3226955,1760051,153505,3073281,1706878,3714581,0
661,1893092,2352156,1886954,79037,2961761,1630699,141937,2826402,1541938,3359344,0
662,1012165,1287329,914111,36213,1496425,787645,69784,1408727,845140,1848781,1
663,1583808,1958543,1613713,65792,2481527,1387490,122893,2388727,1295163,2801384,0
664,2390554,2966588,2283454,97581,3608988,1964927,167144,3443400,1958366,4188358,0
665,1145349,1605534,952370,53614,1920185,813934,94179,1729223,942076,2605848,1
666,1152337,1466350,1079447,43235,1728575,934326,83931,1626152,960988,2097387,0
667,882752,1106314,792100,32734,1265309,689233,58483,1204311,736007,1559197,0
668,702794,952742,513244,29748,1054711,448702,47297,939373,570416,1482117,1
669,835776,1060133,731661,31203,1212567,634061,55187,1119531,690842,1513279,1
670,1157681,1443199,1172282,49058,1823121,999151,87797,1744047,950353,2061151,0
671,942952,1186158,855211,35218,1384459,743239,64537,1301686,785039,1682421,1
672,1051251,1321814,984314,39789,1573061,847648,73898,1490814,872973,1881606,1
673,1662217,2083104,1690147,71541,2667965,1438752,129921,2532326,1353819,2997792,0
674,1967287,2487987,1932350,83561,3086849,1632791,146511,2930670,1605916,3541310,0
675,1441614,1817500,1503579,62290,2357374,1281567,118505,2239187,1177208,2643832,0
676,1443171,2124997,1186653,73752,2564688,983878,131548,2261202,1195996,3659627,1
677,1295010,1655420,1251452,49651,2019958,1075555,97409,1881585,1083069,2390859,0
678,946505,1216243,820417,33534,1358159,710667,61637,1267632,789430,1718064,1
679,734668,920234,619422,26564,1024553,545888,46985,958272,608346,1306444,1
680,1091373,1397825,990969,40741,1626684,851735,76369,1513057,909266,2015341,1
681,2016722,2515299,1998729,84995,3136222,1690079,148529,2972490,1659699,3575636,0
682,1682401,2122835,1699954,72501,2668399,1450715,129793,2565884,1395479,3047559,0
683,1200845,1508958,1070497,44413,1774938,952577,84595,1673456,991125,2203220,1
684,1487864,1857859,1553642,63874,2391475,1323760,117605,2268727,1224482,2667464,0
685,1599850,1991295,1515023,59817,2397970,1311196,118656,2246613,1319441,2883835,1
686,1096248,1332289,1091447,45991,1678525,946676,79063,1608785,897461,1900779,0
687,1319279,1628845,1362823,54675,2098290,1169108,102781,2004278,1083385,2340552,0
688,729902,945848,616604,25607,1038496,531234,46844,962623,609249,1345993,1
689,2623010,3241254,2443549,108421,3876918,2090545,177933,3656581,2119678,4530767,0
690,2780306,3440660,2601881,113665,4118896,2241709,190741,3920686,2239753,4785423,0
691,1910566,2392725,1882202,78360,3000167,1610688,145376,2861576,1537618,3419090,0
692,1124745,1412909,1143627,47064,1806845,968653,90143,1711412,910438,2041412,0
693,696985,909497,591914,24538,1007383,507166,43712,933029,583898,1295790,1
694,1384824,1736363,1444898,58686,2251744,1230799,111750,2149852,1123890,2480858,0
695,1034239,1334517,924688,37039,1535899,799112,71686,1442717,868016,1917967,1
696,2707251,3359644,2559803,110999,4083008,2172339,189520,3856964,2182303,4717177,0
697,1910171,2370988,1907706,81382,2992107,1620604,146653,2850335,1542440,3374918,0
698,1787598,2296819,1670226,66706,2726588,1440347,128248,2561921,1484798,3288949,1
699,651259,841775,568241,22646,945405,488074,41658,881766,545646,1194370,1
700,1747688,2189310,1752348,73436,2767893,1498418,134246,2641761,1418775,3143365,0
701,1071116,1699270,886587,77322,2294818,702408,106574,2022798,903560,3332683,1
702,1338693,1650665,1384436,56249,2122642,1183679,105045,2034487,1083773,2354907,0
703,2013696,2496121,1998372,85113,3121085,1709955,148727,2970237,1630760,3503774,0
704,1840013,2263291,1837742,78302,2866297,1577199,137863,2716488,1487092,3202913,0
705,2607765,3207562,2468771,108968,3872544,2117375,178423,3641793,2097744,4433335,0
706,2736593,3421186,2573305,116190,4112833,2205590,185910,3880520,2219459,4776558,0
707,1937112,2378736,1938052,82690,2986527,1648217,144454,2834305,1564969,3357210,0
708,1939063,2412198,1904523,81065,2990608,1629106,143633,2839920,1575919,3414733,0
709,1324829,1716601,1233998,47137,2053719,1081710,94790,1912000,1111079,2491521,1
710,1120582,1365004,1127059,47145,1721575,966334,84732,1636508,902110,1924511,0
711,2806860,3432574,2630081,117135,4124330,2257649,191860,3916858,2252413,4754304,0
712,1927660,2378379,1903432,81562,2974609,1632478,144141,2822791,1551654,3369182,0
713,1860472,2287261,1845711,79607,2897689,1607522,141539,2778140,1498232,3278435,0
714,2615969,3218069,2462465,109025,3899538,2121182,180350,3681038,2106996,4506360,0
715,2696850,3336083,2506805,108018,4021438,2166471,183864,3803837,2182906,4689904,0
716,1859231,2280862,1839934,77324,2872171,1577568,143146,2724439,1493184,3254101,0
717,2616574,3214010,2443718,105095,3847481,2111832,179906,3653869,2108427,4482448,0
718,2024846,2502402,1989876,84292,3109011,1698353,148645,2922845,1628971,3539879,0
719,713993,936665,590210,24605,1026902,512864,43976,943620,600266,1332211,1
720,1969910,2424717,1929065,82923,3029380,1666337,147589,2857081,1577810,3432244,0
721,1921102,2347340,1896725,81720,2967482,1624960,142286,2769507,1534749,3333025,0
722,2578860,3223715,2434680,107432,3882270,2069850,182438,3663671,2097488,4534796,0
723,2786308,3487721,2612738,116656,4274395,2227209,195805,3983645,2248107,4959512,0
724,2008829,2491599,1971106,83768,3129297,1697326,148961,2962988,1622019,3567163,0
725,2003274,2508196,1964418,83470,3158088,1681722,151608,2964921,1619808,3611967,0
726,1866365,2340593,1864270,78588,2992062,1577042,146537,2797349,1515939,3399759,0
727,2577818,3225020,2447038,105556,3913625,2083198,181259,3686949,2093917,4534868,0
728,2730383,3424261,2544456,112110,4129122,2184684,188603,3896844,2215637,4841740,0
729,1977995,2457204,1938076,82896,3102693,1662881,152175,2939847,1597542,3557371,0
730,1835760,2284463,1856829,78508,2903832,1582616,141937,2765558,1493326,3273347,0
731,2532307,3160574,2395734,103850,3844365,2049365,179705,3632710,2057623,4473159,0
732,2750281,3431838,2555262,112185,4164038,2182072,191467,3882111,2220815,4855171,0
733,1966336,2473412,1926844,81651,3131383,1650823,149348,2934103,1599875,3574585,0
734,1796558,2240775,1807232,76411,2824393,1516295,134803,2658241,1464069,3184839,0
735,2844231,3527656,2625874,121680,4242416,2254761,192523,3960471,2292859,4934073,0
736,1961615,2400046,1909373,83157,2981366,1651415,142464,2806702,1577302,3392800,0
737,1903166,2343198,1873691,78491,2993022,1623148,146151,2826464,1539228,3418465,0
738,2521695,3159688,2361069,103202,3903796,2036696,182923,3661813,2042733,4548649,0
739,2457899,2912484,2312210,98509,3535881,2027791,166252,3385866,1985844,4112912,0
740,1873227,2315290,1864330,75613,2863848,1599973,136578,2783368,1555628,3306361,0
741,2797643,3462012,2617148,112457,4235340,2262507,188105,4002596,2318370,4964390,0
742,2595988,3209130,2447661,104054,3916267,2100891,177089,3713531,2155461,4609240,0
743,1862831,2293571,1878145,76051,2896950,1599678,137544,2764348,1552409,3302601,0
744,1996516,2452829,1970209,80890,3069904,1687230,145004,2951978,1655836,3522516,0
745,2796123,3425117,2624446,114568,4158218,2280357,189547,4027386,2315218,4874372,0
746,2580121,3181664,2422242,103499,3870982,2107085,176828,3735257,2131423,4550195,0
747,1881836,2285849,1881005,76692,2885425,1616521,136584,2773691,1564066,3290011,0
748,2011787,2444237,1997482,81291,3045717,1717006,144395,2935539,1664044,3467502,0
749,1961911,2356172,1930769,78822,2929629,1670422,139676,2820978,1616705,3370100,0
750,736924,1173738,531026,46280,1485250,419770,57993,1281412,624481,2306550,1
751,2544840,3054533,2439398,102634,3726575,2084710,169438,3574802,2110633,4305589,0
752,1880253,2287098,1903814,77048,2914986,1620265,139101,2784578,1564291,3289654,0
753,1985632,2402684,1973679,81251,3012531,1689988,147252,2904419,1628798,3447254,0
754,2826703,3404168,2615096,113072,4081925,2264603,187862,3865503,2295743,4791069,0
755,2617332,3174661,2478876,105409,3839392,2111783,176864,3639574,2166212,4481929,0
756,1859406,2291243,1867001,76626,2909598,1587582,137171,2764043,1541634,3315304,0
757,1951885,2430125,1945479,80150,3062106,1645183,142927,2895061,1627328,3505100,0
758,2794830,3454845,2627207,112176,4194855,2242004,188517,3955378,2311519,4920813,0
759,2600965,3220388,2464732,105403,3903665,2085153,177106,3699053,2167022,4590177,0
760,1892336,2293207,1881200,78454,2903407,1615352,137483,2774506,1561705,3301142,0
761,2003519,2425774,1994391,81417,3052227,1707057,145089,2923440,1649702,3468904,0
762,2751134,3387740,2568720,109376,4122488,2197967,187873,3893934,2287610,4859798,0
763,2588257,3183958,2448443,103775,3904655,2095114,179213,3700093,2138631,4560501,0
764,1825890,2245934,1821199,74757,2831821,1553658,135707,2705274,1517979,3236421,0
765,1961818,2407830,1924374,79142,3015621,1634579,144612,2883304,1630209,3502047,0
766,2726396,3344646,2547857,108558,4044881,2184117,184311,3847805,2259673,4743708,0
767,2550924,3137039,2402243,103229,3797335,2047746,174391,3619831,2119701,4477161,0
768,1810681,2236235,1806503,73389,2798432,1540054,134365,2685216,1506645,3202656,0
769,4450105,5464255,4478944,177575,7010138,3786925,331847,6709262,3603738,7781083,0
770,2276367,2754932,2162947,91090,3376197,1860236,155539,3202300,1879960,3920832,0
771,738978,1219686,556656,44317,1576127,421596,66936,1317269,630089,2417402,1
772,769351,1220672,583080,44097,1520136,462141,65961,1279542,639081,2273211,1
773,894262,1479390,701632,75561,2012541,532126,86639,1641555,755769,3043885,1
774,867808,1383876,682400,54846,1778571,531365,79465,1501177,733437,2640495,1
775,2422082,2914171,2281815,97919,3520199,1972079,160679,3359495,1984988,4106013,0
776,2472790,3012889,2334479,101647,3662366,2014860,168262,3489495,2051112,4292716,0
777,1797124,2164567,1754107,72009,2689239,1501958,128771,2571889,1478521,3096815,0
778,1901708,2339855,1858102,76951,2894910,1587683,138008,2752143,1567766,3334922,0
779,2692082,3307150,2493548,107976,3941161,2151649,177412,3752692,2227771,4666799,0
780,2556999,3160627,2396642,101396,3755787,2063341,169163,3594151,2133150,4433544,0
781,1836566,2236464,1805214,76365,2792372,1550317,132046,2688661,1527182,3213093,0
782,737259,981890,628011,33593,1188926,534321,46387,1072994,616132,1551369,1
783,1275157,1510095,1331788,54280,1954883,1163004,88003,1888338,1037809,2123843,0
784,908169,1245198,929298,41610,1807519,772842,82990,1642999,757423,2100752,1
785,987766,1301893,1061505,45216,1881928,889023,86313,1749789,822193,2082898,1
786,1705123,1995743,1807057,74637,2633418,1583624,113333,2532241,1400697,2809001,0
787,2474159,2930209,2518581,108186,3736547,2179767,157532,3595883,2040828,4079204,0
788,2107504,2485440,2201575,90061,3184731,1892899,135486,3097361,1760947,3445900,0
789,623735,870725,573648,26260,1120054,468658,46244,1016670,527686,1372946,1
790,1294830,1532848,1405855,56821,2043070,1199576,90201,1946405,1064337,2168059,0
791,654512,894999,592652,26384,1118355,501981,46229,1026597,552987,1356216,1
792,1504086,1773140,1652293,64316,2322725,1399832,102548,2254384,1263319,2470157,0
793,2617551,3100653,2687759,111842,3931421,2285304,162354,3774702,2168533,4252361,0
794,2743634,3264895,2801439,117427,4131680,2390766,171642,3949769,2274550,4477916,0
795,1973925,2333079,2098537,82965,3018864,1791293,130049,2906344,1633621,3217193,0
796,1814879,2160760,1931355,79572,2833542,1658452,122283,2726743,1501787,3019661,0
797,2018170,2399892,2121893,88530,3124558,1825873,132249,2984004,1675394,3356448,0
798,661302,911721,600041,26356,1158027,505610,47433,1068180,556536,1426812,1
799,2500879,2983941,2557292,108119,3791716,2212132,157129,3664105,2077829,4135908,0
800,1959177,2336207,2061856,86209,3032992,1782211,130768,2941144,1622482,3270054,0
801,1794263,2131243,1909744,77168,2774037,1638950,119717,2669334,1488716,2980404,0
802,1951600,2313642,2083576,84696,3047976,1794831,132917,2929968,1618327,3249917,0
803,788557,1081620,706826,33470,1423874,586211,60290,1289129,658419,1778454,1
804,2355998,2799751,2396256,103170,3571653,2056169,147670,3382868,1935487,3888759,0
805,599649,851477,550127,26421,1175898,451359,46564,1056175,507723,1443845,1
806,1377044,1618797,1498703,59428,2129019,1284285,95895,2055353,1128898,2239663,0
807,1297372,1540394,1421088,56296,2034278,1207632,89766,1954439,1086398,2149442,0
808,631468,861901,578783,25019,1100247,485284,45064,1016677,531136,1338041,1
809,2287528,2727074,2364390,98838,3470905,2029848,146250,3326414,1893466,3732323,0
810,2505113,2936358,2541291,107188,3742360,2199957,157722,3602939,2063168,4083352,0
811,616587,844758,558522,25717,1114626,471261,46237,1018882,513703,1360007,1
812,1287957,1545292,1380723,56883,2026033,1180523,89148,1955034,1066929,2179218,0
813,617352,864146,556979,26862,1145073,467670,46286,1044264,514409,1400125,1
814,1313287,1575538,1404636,57308,2081596,1210838,90448,1970973,1077752,2208539,0
815,2447384,2958809,2479251,107610,3768353,2150308,157143,3624206,2026345,4153505,0
816,1086211,1299205,1037312,42707,1612206,899099,72026,1524724,897693,1883902,1
817,1535815,1817888,1675648,67890,2461470,1429488,111784,2355490,1269009,2620313,0
818,997769,1199694,1057913,43943,1557150,908929,66364,1507198,837392,1681483,0
819,1074934,1237799,1046561,42530,1575930,922705,70313,1473059,867775,1797761,1
820,2195998,2669072,2265037,97493,3488170,1936965,146821,3308905,1823731,3859103,0
821,813874,1123184,776049,36126,1527932,639781,66535,1397105,687293,1839637,1
822,1864360,2246789,1989324,81327,2974410,1687939,123830,2814172,1552588,3157171,0
823,896276,1248406,936677,42429,1804369,780695,82792,1683978,747987,2055826,1
824,694128,938477,698085,30757,1321447,581674,55398,1223433,584584,1486550,1
825,648576,857751,618683,26498,1115708,522901,47880,1030571,549174,1307260,1
826,579375,784290,567511,26794,1096660,481380,47634,1024010,477906,1244505,1
827,614480,820450,612076,27989,1171874,515065,49806,1087911,510719,1302060,1
828,1084473,1331956,1126861,48406,1724107,970824,74971,1638180,892979,1876395,0
829,1201735,1394013,1180155,47229,1710144,1023518,77781,1639324,997698,1947489,1
830,1553169,1744370,1654036,68021,2327699,1441752,108313,2244032,1248895,2472167,1
831,1941949,2290499,2019877,86258,2959587,1759324,128377,2900865,1609130,3197704,0
832,1833737,2158298,1957404,79470,2811203,1692817,122785,2743122,1533765,2973309,0
833,2132429,2574767,2184657,94810,3332598,1883461,141483,3169389,1756410,3672046,0
834,729982,849928,676399,28420,1045880,597103,44397,976440,587892,1201595,1
835,2259778,2696209,2376705,98253,3479083,2007397,147499,3323770,1889834,3735472,0
836,733548,846883,690482,28708,1030125,596205,43648,974121,599589,1176469,1
837,1105591,1315280,1189014,47022,1738345,1026292,76071,1687952,935447,1865988,0
838,599675,833875,543771,27551,1127676,457966,46056,1014979,497483,1363988,1
839,1959829,2346087,2058194,85909,3041915,1771526,130582,2909740,1606796,3281226,0
840,2720217,3271275,2746236,121554,4159085,2354100,174093,3926959,2244447,4598514,0
841,1979005,2385458,2079731,86729,3092311,1770149,131958,2941795,1650423,3306879,0
842,1694001,2062002,1831716,74738,2720967,1563285,119284,2596404,1418412,2964792,0
843,639611,895027,578198,27561,1165361,481049,48103,1070752,537086,1420061,1
844,1925450,2267855,2019839,83270,2925878,1747580,125967,2841022,1592201,3126738,0
845,1477095,1755099,1599492,65159,2322087,1387008,103197,2266776,1237017,2466624,0
846,1183374,1315529,1179054,48956,1732664,1064760,79122,1657070,938741,1884470,1
847,1882206,2226732,1968368,80637,2868277,1717819,122893,2799334,1571192,3096438,0
848,1546831,1829574,1648640,69376,2459622,1453076,108558,2372778,1282304,2620587,0
849,1186389,1598663,1334272,57061,2446674,1118899,121190,2313762,987922,2656042,1
850,1206989,1644764,1372436,58424,2554352,1134619,123818,2406784,1024743,2805115,1
851,1165728,1390855,1252293,52260,1891399,1077178,87088,1805825,953314,2022530,0
852,1012107,1356487,1102524,47699,2005482,924029,95440,1869343,847574,2204175,1
853,756428,1023509,753323,35400,1419865,630696,62528,1333469,642128,1635340,1
854,1090946,1299344,1136450,47804,1670797,992251,73169,1621033,904148,1808838,0
855,1770300,2069578,1881515,78740,2736263,1646346,120937,2651148,1464954,2900849,0
856,2625798,3056986,2658310,111991,3915626,2318397,168112,3737151,2144902,4235424,0
857,2637407,3098516,2701306,114924,3987269,2324343,169000,3808967,2169210,4285393,0
858,2061050,2442016,2178719,91682,3208263,1861193,136574,3052725,1719354,3448417,0
859,1601374,1909475,1749146,71576,2573877,1488601,113711,2466545,1337131,2711644,0
860,1266883,1719143,1396351,57821,2540130,1157387,125004,2345622,1062163,2824740,1
861,1088660,1283449,1160375,47249,1698852,996775,73811,1645108,901637,1807094,0
862,1960787,2342195,2088171,87785,3093127,1760171,130786,2946213,1636070,3295084,0
863,708126,966739,657612,29874,1255269,544023,52518,1148404,596200,1509306,1
864,1730038,2054225,1862295,76100,2693935,1571086,116762,2560600,1431038,2868306,0
865,1809494,2150722,1950579,80139,2832880,1648235,122160,2700224,1511654,2999063,0
866,2412973,2879315,2462920,104552,3663983,2118129,153453,3487804,1999758,4005990,0
867,2652482,3174760,2696522,113568,4038774,2295520,166908,3807702,2195599,4449322,0
868,1882075,2268343,1980500,83553,2965195,1688598,127471,2815755,1562383,3197500,0
869,1846351,2213215,1952958,79835,2914939,1679960,125780,2765881,1529795,3163311,0
870,2274179,2711907,2346064,100558,3529303,2034068,148881,3338259,1882442,3848797,0
871,1469326,2012548,1616914,69585,2987345,1335279,137957,2738504,1234924,3293406,1
872,1158738,1395728,1220398,52228,1811125,1047186,77333,1727311,951332,1954061,0
873,1915339,2327073,2022503,87630,3022258,1718323,131517,2881510,1596562,3274901,0
874,1835536,2195250,1972735,79956,2901824,1670590,122326,2734036,1528657,3091014,0
875,873978,1044380,908340,37421,1341289,772573,56122,1277651,737430,1453563,0
876,1315321,1792683,1492894,64374,2814527,1245372,133649,2608623,1094308,3052838,1
877,795641,1109643,842357,40681,1704400,675909,72842,1553410,676549,1932768,1
878,1594480,1892072,1762063,69183,2547210,1485795,113027,2441742,1322176,2680631,0
879,1978370,2361684,2077468,83950,3072969,1796786,134925,2953136,1641928,3315687,0
880,1818123,2171880,1931836,80004,2859010,1654369,126844,2716314,1496020,3074560,0
881,2598979,3098495,2614803,113973,3955988,2250220,168425,3762904,2128972,4411784,0
882,2486571,2934270,2505575,106796,3719038,2176055,159688,3616361,2044234,4097212,0
883,877188,1206317,928471,44196,1815312,766987,82671,1671876,726605,2040133,1
884,819618,1114752,897996,43442,1732448,732435,77217,1611785,684694,1904369,1
885,750918,1029205,797159,37688,1536680,650284,66251,1429673,631797,1710249,1
886,812389,1066708,857230,38830,1547204,725305,66994,1443735,680640,1709775,1
887,1008039,1364057,1133465,50778,2136754,924221,97665,1982024,842651,2343786,1
888,1026799,1368364,1177571,49450,2087975,982343,97754,1994570,869772,2233817,1
889,1102159,1463625,1250848,50999,2241879,1050404,103606,2094545,922108,2396571,1
890,1121666,1515227,1277195,54033,2363755,1046488,109177,2196453,946039,2542243,1
891,851125,1114351,911004,39893,1640963,765104,74479,1540566,708924,1789206,1
892,1022625,1319355,1165354,49558,2007337,970231,94758,1898800,848845,2103507,1
893,2262120,2642973,2353977,97402,3435321,2028932,148633,3302987,1860542,3649140,0
894,1457480,1756793,1584291,63922,2370487,1373362,107615,2282191,1212690,2613385,0
895,956938,1306995,1025354,47558,1940719,848726,90278,1811560,792072,2164774,1
896,843482,1126389,902282,41782,1695914,752473,74361,1602121,706892,1874844,1
897,872067,1139202,934795,41154,1659570,794376,75427,1560781,724502,1782086,1
898,783934,1057538,811638,38056,1529396,672377,67644,1430366,652893,1742674,1
899,857748,1186397,878734,40897,1752699,725537,74017,1628627,726876,2070912,1
900,1345624,1755723,1484919,59764,2506770,1257645,122805,2383308,1131302,2730460,1
901,729331,948264,760745,32859,1345574,645813,60106,1268304,600926,1454488,1
902,1116017,1457405,1296693,55015,2301129,1087897,111778,2213860,926926,2419180,1
903,1169783,1507437,1358212,56020,2281999,1149733,111601,2208981,978140,2383474,1
904,802282,1029698,857173,36314,1456082,720406,67204,1405462,666642,1580643,1
905,911430,1187143,985156,42308,1717755,822891,79805,1647020,761013,1868399,1
906,900858,1159983,966163,40718,1649165,824843,77214,1589190,756487,1794923,1
907,919835,1209539,1000150,42438,1761238,836442,81244,1662806,771332,1939086,1
908,2322263,2659603,2392123,98603,3442464,2084008,151123,3337081,1887397,3664785,0
909,1559684,1786268,1716412,68343,2414887,1491044,112186,2377303,1282035,2500568,0
910,1142614,1495543,1202430,51092,2119178,1023212,103339,2043534,954265,2411733,1
911,1703713,1992308,1846906,73985,2661791,1565652,117884,2564325,1398933,2773273,0
912,1655236,1974158,1789349,73336,2626111,1525386,119529,2519778,1359511,2862502,0
913,948087,1323668,998495,47180,2000613,821832,91426,1858429,799246,2322794,1
914,1454809,1937771,1613956,71136,2936273,1339199,138617,2728018,1223386,3182445,1
915,821498,1102481,862042,39934,1615800,719374,72563,1499663,686177,1791312,1
916,1025817,1360582,1176302,50985,2096420,975076,101674,1993095,860738,2229521,1
917,3221513,3756508,3256037,144685,4900591,2830935,201679,4651128,2632029,5230861,0
918,2873626,3386975,2894248,125962,4357384,2519268,178112,4168092,2353809,4789688,0
919,2611941,3048043,2669697,113273,3965963,2332265,164741,3802722,2148216,4261347,0
920,2585459,2992431,2622289,110892,3827599,2311960,162584,3708758,2116763,4124735,0
921,1819952,2102202,1964763,78785,2776390,1702306,122349,2717753,1510516,2909704,0
922,2543408,2952302,2629144,110915,3774033,2285708,161679,3672720,2087389,4027926,0
923,2784214,3256828,2862622,121886,4177983,2471330,175216,4018203,2289187,4527641,0
924,1931762,2278390,2063012,84006,2961823,1802108,129306,2887939,1604280,3132654,0
925,1678157,1958432,1837472,72262,2599359,1585685,115048,2517623,1398537,2705741,0
926,1174994,1584704,1350713,60777,2490259,1109276,122501,2305157,979296,2722373,1
927,931550,1274964,1018874,47601,1981543,837016,90409,1823153,771260,2191042,1
928,766954,1025139,800418,36453,1477815,658086,64945,1372617,647726,1657751,1
929,1873936,2231356,1993128,84774,2967934,1724324,130210,2835388,1538843,3172055,0
930,2023126,2363211,2130351,88077,3120604,1832754,132910,2974731,1656144,3314572,0
931,1802292,2081505,1921297,78609,2795285,1670263,121031,2667574,1474534,2913250,0
932,2591893,3035476,2686093,114377,3977397,2314492,167530,3780589,2127008,4232405,0
933,2658724,3232593,2720883,117144,4168420,2311092,172915,3919145,2194683,4539051,0
934,1944508,2332804,2077540,87131,3113651,1767106,134541,2978304,1607758,3307607,0
935,1798935,2115350,1946304,79890,2850677,1677177,124562,2698098,1483497,2990310,0
936,2484447,3011112,2526637,114118,3925697,2161082,164262,3669963,2037990,4242357,0
937,1520753,1809745,1651537,69693,2483178,1426653,108807,2322045,1262629,2611840,0
938,818988,1227257,840353,45155,1921143,665342,80289,1690755,684130,2332188,1
939,658872,900778,674752,31677,1320068,544416,53924,1203086,556791,1489396,1
940,640956,848652,608974,26585,1109183,512061,46975,1019520,535546,1301848,1
941,411751,592360,400991,20778,891661,321490,34582,791954,333915,1039750,1
942,1502032,2028406,1715847,81020,3264301,1402464,147943,3002190,1244715,3461290,1
943,980335,1305846,1159384,54731,2191287,940960,102909,2022239,805724,2283085,1
944,1244680,1610121,1470304,60789,2554638,1224933,121625,2390673,1029766,2634921,1
945,1424980,1691059,1615173,65441,2355754,1369787,109950,2247239,1180514,2435055,0
946,970434,1300378,1025045,44025,1885655,846956,86937,1740892,806917,2129321,1
947,1699046,2065742,1840848,77959,2789694,1562728,121111,2660996,1413987,2945259,0
948,1804557,2122360,1940908,80890,2845453,1686667,126737,2763846,1484927,2988560,0
949,1239521,1469093,1358630,54940,2007530,1161933,92529,1918558,1021731,2127755,0
950,1011028,1365347,1139202,48367,2094944,952605,97668,1958247,838851,2265094,1
951,1070685,1450154,1266112,53456,2363354,1034232,109291,2193203,905815,2523168,1
952,1186459,1418039,1287518,53136,1905700,1101202,84369,1823341,977979,2006507,0
953,588893,808434,577290,26561,1158761,476010,46841,1050511,492424,1326025,1
954,1427256,1659115,1586747,63863,2262511,1364399,101359,2184313,1172037,2329600,0
955,1782022,2069645,1910899,77775,2743839,1653635,123317,2680979,1465592,2900812,0
956,2387386,2811634,2440716,102027,3629264,2135536,156055,3506541,1966079,3947380,0
957,1326085,1773323,1535732,67369,2818359,1298952,136299,2676637,1091083,2973817,1
958,926168,1253220,1030923,45782,1905654,854381,88086,1780578,775682,2064565,1
959,1657472,2186451,1864058,81865,3361600,1540905,153979,3128631,1369924,3561805,1
960,1145374,1500296,1329642,56685,2361872,1091528,110251,2207757,956005,2480510,1
961,1314966,1731300,1523102,65343,2749871,1272501,132150,2624467,1096268,2906902,1
962,914108,1194121,1002404,43689,1789470,845610,83539,1700359,766197,1931799,1
963,1078272,1267866,1158055,47206,1688722,998558,74111,1623905,885498,1783247,0
964,1780061,2126161,1945414,78567,2882442,1653318,123889,2765481,1486606,3012201,0
965,1580469,2080555,1777082,76974,3218343,1478004,147662,3007849,1301922,3419020,1
966,1382274,1828640,1618363,72517,2912876,1327238,141834,2747772,1148382,3068940,1
967,1442884,1868971,1689177,71635,2890952,1396766,141050,2758035,1199701,3020119,1
968,489049,635660,510850,24374,928026,425292,41030,873728,401370,1003985,1
969,1230764,1448905,1353930,54582,1926630,1157855,86701,1889753,1017401,2014619,0
970,1911235,2287065,2065508,84923,3017380,1751368,132472,2893402,1593305,3182518,0
971,1785260,2193379,1897882,80320,2862371,1628602,125718,2748668,1491906,3183254,0
972,2310608,2812734,2464916,102510,3689407,2080547,156479,3535108,1943432,3948355,0
973,1221325,1634035,1464698,65148,2684343,1192469,128620,2508693,1011238,2826367,1
974,1048957,1400236,1220377,52913,2187026,992010,103016,2029909,873162,2303144,1
975,992412,1330632,1137547,51437,2108570,932676,98798,1964226,827055,2293547,1
976,846000,1126470,923562,41269,1673878,752800,76945,1552840,707770,1834146,1
977,1396882,1638073,1564723,61993,2225007,1320931,97610,2128949,1159760,2298472,0
978,1254066,1666421,1375429,55267,2375834,1138938,115568,2217189,1053590,2640098,1
979,1177869,1409394,1268668,51972,1880323,1086422,81521,1783385,983727,1993575,0
980,2821333,3418201,2848214,124329,4403843,2442102,182568,4198054,2335142,4886372,0
981,1893469,2266734,2027958,84423,3028634,1727678,131019,2877427,1573215,3200203,0
982,1804332,2159993,1947293,80366,2903290,1664246,125762,2783679,1500843,3068216,0
983,2344687,2805213,2434485,104102,3701225,2122160,157565,3559972,1935614,4008102,0
984,1154423,1527841,1337533,55821,2381494,1105926,116048,2206361,950979,2511294,1
985,1127609,1473620,1323304,58624,2384721,1084911,114555,2203708,922347,2476121,1
986,785784,1032039,826471,35804,1481489,683323,66443,1375657,651634,1629020,1
987,844456,1126588,921188,41147,1714076,758740,78244,1584762,696155,1860624,1
988,747127,995381,781377,34815,1444916,653562,63920,1343532,621220,1598750,1
989,851811,1146974,940333,40964,1721612,771584,78695,1598599,711927,1873707,1
990,953218,1336422,1038152,53312,2163894,838713,93649,1956817,794823,2480980,1
991,1073184,1423780,1229904,52438,2210246,1004141,102834,2027962,886538,2345403,1
992,1170087,1572406,1353979,59812,2479775,1109484,119935,2285208,966391,2674148,1
993,1220270,1441074,1329664,54834,1937883,1132683,85884,1847218,1011944,2038436,0
994,2017582,2396406,2170572,88912,3162256,1840987,137100,3035047,1662943,3348305,0
995,1796611,2158343,1958702,79998,2902914,1671136,128551,2775346,1494147,3112552,0
996,2316787,2854999,2398293,104913,3733436,2050953,157533,3529034,1920244,4034326,0
997,1359473,1790106,1613024,71051,2887144,1336022,139069,2755232,1122902,2994652,1
998,1100204,1297924,1154976,47742,1719060,1009955,75392,1643122,895332,1818853,0
999,1909236,2253996,1987817,85748,3020829,1728341,133028,2840880,1550306,3198659,0
1000,1880683,2209703,1967072,82000,2942001,1724865,129255,2770550,1527429,3185118,0
1001,2499596,2985711,2514806,108353,3879996,2219695,164144,3691412,2048276,4195421,0
1002,1621469,2001615,1747265,73962,2718679,1511059,126321,2591523,1337933,2939680,1
1003,958080,1271480,1030964,45307,1839930,863885,89712,1751113,796260,2039569,1
1004,1673803,1977562,1795675,74923,2683554,1576586,119313,2579034,1365938,2811352,0
1005,1753303,2066643,1887613,77914,2824063,1670112,123635,2722155,1440527,2948881,0
1006,2360071,2771681,2428783,102399,3632091,2141968,155013,3512601,1928329,3857924,0
1007,1661730,1968917,1765956,73490,2650798,1539467,117192,2535542,1365164,2814775,0
1008,907119,1312521,894841,46383,1906614,736259,84302,1747383,766562,2368181,1
1009,1527739,1808129,1660215,67259,2441926,1442543,109829,2351654,1245681,2561199,0
1010,1425325,1904071,1668138,75555,3085655,1369383,147162,2923603,1170970,3216802,1
1011,981892,1326447,1133986,50500,2140609,934081,101642,2013251,817169,2352343,1
1012,1085897,1403069,1277892,53911,2181804,1056798,107144,2076201,899922,2257982,1
1013,1040008,1371528,1240627,53264,2162394,1024785,105149,2048887,870103,2217923,1
1014,1169472,1532283,1387072,58924,2408489,1150097,120134,2277636,965048,2556895,1
1015,1348837,1838752,1558363,78335,3127982,1263183,144758,2908773,1108129,3376528,1
1016,602827,782521,633494,29639,1164891,528074,50908,1100930,491946,1254040,1
1017,830663,1114973,961934,44729,1797139,774036,82270,1658546,692121,1892421,1
1018,855842,1118793,982953,45968,1788323,807806,85827,1671088,702406,1859442,1
1019,1209518,1587470,1512052,68594,2699381,1219099,132381,2521217,992044,2709244,1
1020,1238304,1472005,1360745,55894,2013041,1150806,88243,1918825,1032724,2092788,0
1021,1954972,2337250,2088316,89422,3139620,1800980,133330,2972330,1610427,3349497,0
1022,1635806,1964541,1778728,73692,2664532,1530663,116971,2538762,1349486,2802299,0
1023,1110689,1511781,1239786,52883,2352769,1019337,111232,2163046,931739,2640033,1
1024,961359,1261061,1101171,45691,1977894,914544,94014,1851417,786490,2065459,1
1025,1023870,1367243,1225964,56498,2353502,1000107,108997,2184648,851359,2453068,1
1026,1081978,1413526,1288550,54396,2256811,1056491,107823,2114326,899084,2344935,1
